SMILES,external_sim,inner_sim,raw_index,max_index
C=CCOCC1CCN(CCCCc2ccc(OCCC)cc2)CC1,0.8780487804878049,0.6078431372549019,0,1
CC(=O)C1CCCCN1CCCOc1ccccc1,0.8604651162790697,0.6078431372549019,1,1
CC(=O)N1CCCC1C(=O)NCCNC(=O)c1cccc(C)c1,0.8627450980392157,0.5,2,1
CC(=O)NC(C)CCCNS(=O)(=O)c1ccccc1,0.8644067796610171,0.5333333333333333,3,1
CC(=O)c1ccc(OCC2CCN(C)CC2)cc1,0.8780487804878049,0.5227272727272727,4,1
CC(=O)c1cccN(CCCCOc2ccccc2)C1,0.8604651162790697,0.4489795918367347,8,1
CC(=O)c1cccc(OCCCCN2CCCCC2)c1,0.8974358974358975,0.7142857142857143,9,1
CC(C)CCC(NC(=O)C1CCCN1C(=O)c1ccccc1)C(N)=O,0.88,0.7407407407407407,10,1
CC(C)CCN(Cc1ccccc1)Cc1ccccn1,0.875,0.5454545454545454,11,1
CC(C)Oc1ccc(C(=O)CCN2CCCCC2)cc1,0.8780487804878049,0.725,14,1
CC(C)c1ccc(OCCN(C)Cc2ccccc2)cc1,0.875,0.5365853658536586,15,1
CC(CCCCOc1ccccc1)CCCN1CCCCC1,0.875,0.6829268292682927,16,1
CC(CCN1CCCCC1)Oc1ccc(C(=O)O)cc1,0.8809523809523809,0.7179487179487181,18,1
CC(c1ccccc1)N(C)Cc1ccccn1,0.8666666666666667,0.5238095238095238,21,1
CC1=C2CCC(C)C2C2CC(=O)CC(O)C3CC1CCC32C,0.8918918918918919,0.2835820895522388,22,1
CC1CCCCN1CCCOc1ccc(C(=O)c2ccccc2)cc1,0.8837209302325582,0.6078431372549019,23,1
CC1CCCN(CCCOc2ccccc2)C1,0.9,0.7142857142857143,24,1
CC1CN(C(=O)CCN2CCCCC2)CC(O)CN1CCc1ccccc1,0.8727272727272727,0.5192307692307693,35,1
CC1CN(C(=O)CCN2CCCCC2)CC1O,0.8888888888888888,0.8333333333333334,36,1
CCC(=O)N(CC)CC(=O)Nc1ccccc1C,0.9,0.7567567567567568,37,1
CCC(=O)OC1CCN(Cc2ccccc2)CC1,0.875,0.7619047619047619,38,1
CCC(C)CC(=O)N1CCC(Oc2ccccc2)CC1,0.8636363636363636,0.5227272727272727,40,1
CCC(C)Oc1ccc(C(=O)OCCN2CCCCC2)cc1,0.8604651162790697,0.6956521739130435,41,1
CCC(C)c1ccc(OCCCCCCN2CCC(OC)CC2)cc1,0.8837209302325582,0.7333333333333333,42,1
CCC(C)c1ccc(OCCCCCN2CCCCC2)cc1,0.875,0.75,43,1
CCC(NC(=O)C1CCCN1C(=O)Cc1ccccc1)C(=O)OC,0.8846153846153846,0.6101694915254238,44,1
CCC1CCCN(CCCOc2ccccc2)C1,0.9,0.7173913043478259,45,1
CCC1CCN(CCCOc2ccccc2)CC1,0.9,0.75,46,1
CCCC(=O)C=Cc1ccc(OCCN2CCCCC2)cc1,0.902439024390244,0.6458333333333334,47,1
CCCC(=O)c1ccc(OCCN2CCCCC2)cc1,0.925,0.8,48,1
CCCC(=O)c1cccc(OCCN2CCCCC2)c1,0.925,0.8478260869565217,49,1
CCCC(COc1ccccc1)N(C)Cc1ccccc1,0.8717948717948718,0.8378378378378378,50,1
CCCC(O)CNCc1ccccc1OCCc1ccccc1,0.8936170212765957,0.6346153846153846,51,1
CCCC(O)c1ccc(OCCCN2CCCCC2)cc1,0.8809523809523809,0.7727272727272727,52,1
CCCCC(=CCN1CCCCC1)Oc1ccccc1,0.8780487804878049,0.4693877551020408,53,1
CCCCC(=O)C(CCCCCCN1CCCCC1)COCc1ccccc1,0.875,0.4915254237288136,54,1
CCCCC(=O)CCCOCCCN1CCCCC1,0.8717948717948718,0.5227272727272727,55,1
CCCCC(=O)OCCCN1CCCCC(Oc2ccccc2)C1,0.8604651162790697,0.6666666666666666,56,1
CCCCC(=O)Oc1cccc(CCCN2CCCCC2)c1,0.925,0.7708333333333334,57,1
CCCCC(=O)c1ccc(OCCCCCCCCCCCCCCN2CCN(CC)CC2)cc1,0.8636363636363636,0.7906976744186046,58,1
CCCCC(CN1CCCCC1)Oc1ccccc1,0.875,0.6976744186046512,59,1
CCCCC(Cc1ccccc1)OCCCN1CCCCC1,0.8717948717948718,0.6739130434782609,60,1
CCCCC(OCCCN1CCCCC1)c1ccccc1,0.8717948717948718,0.825,61,1
CCCCC1CCCCN1CCC(=O)Oc1ccccc1,0.9047619047619048,0.6666666666666666,62,1
CCCCC1CCCN(CCCCCCCOc2ccccc2)c1,0.9230769230769232,0.7916666666666666,65,1
CCCCC1CCN(CCCCCOc2ccccc2)Cc1,0.9230769230769232,0.7391304347826086,66,1
CCCCCC(COCCOc1ccccc1)N1CCCCC1,0.8604651162790697,0.5454545454545454,68,1
CCCCCC1CCN(C(=O)CCCOc2ccccc2)CC1,0.8636363636363636,0.6956521739130435,70,1
CCCCCC=CCCCCCc1cc(C(=O)CCCCCN2CCCCC2)ccc1OCCCCc1ccccc1,0.8636363636363636,0.5970149253731343,71,1
CCCCCCC(CCCN1CCCCC1)COc1ccccc1,0.875,0.6521739130434783,73,1
CCCCCCC(CCN1CCCCC1)Oc1ccccc1,0.9,0.6976744186046512,74,1
CCCCCCCCCC(Oc1ccccc1)c1ccc(OCCN2CCCCC2)cc1,0.8809523809523809,0.6521739130434783,75,1
CCCCCCCCCCCCCCCCCCCCCCCCCCCCC(=O)N1CCC(OCc2ccccc2)CC1,0.8636363636363636,0.75,76,1
CCCCCCCCCCCCCCCCCCCCCNC(CO)CCCCCCCNCC,0.8823529411764706,0.5151515151515151,83,1
CCCCCCCCCCCCCCCCCOc1ccc(C(O)CCN2CCCCC2)cc1,0.8837209302325582,0.7727272727272727,91,1
CCCCCCCCCCCCCCOc1ccc(C(=O)C2CCN(C3CCCCC3)CC2)cc1,0.8837209302325582,0.6,101,1
CCCCCCCCCCCCOc1cccc(OCCCN2CCCCC2)c1,0.9268292682926829,0.7894736842105263,119,1
CCCCCCCCCCOc1ccc(C=CCN2CCCCC2)cc1,0.8780487804878049,0.825,138,1
CCCCCCCCCN1CCC(COc2ccccc2)C(=O)C1,0.8837209302325582,0.6739130434782609,147,1
CCCCCCCCCOc1cccc(C(CCCN2CCCCC2)Cc2ccccc2)c1,0.8780487804878049,0.6666666666666666,160,1
CCCCCCCCOc1cccc(COCCN2CCCCC2)c1,0.902439024390244,0.8478260869565217,187,1
CCCCCCCN1CCC(C(=O)CCCOc2ccccc2)CC1,0.95,0.7777777777777778,192,1
CCCCCCCOCCCN1CCCC(=O)C1,0.8780487804878049,0.5208333333333334,195,1
CCCCCCCOc1ccc(CCCCC(=O)N2CCCCC2)cc1,0.8636363636363636,0.7954545454545454,203,1
CCCCCCCc1cc(C(=O)CN2CCCCC2)ccc1OCCC,0.8636363636363636,0.6153846153846154,213,1
CCCCCCN1CCC(Oc2cccc(C)c2)CC1,0.8780487804878049,0.7317073170731707,229,1
CCCCCCNC(C)CO,0.8787878787878788,0.8260869565217391,231,1
CCCCCCOc1ccc(C(=O)C(CCCCN2CCCCC2)c2ccccc2)cc1,0.9268292682926829,0.625,234,1
CCCCCCOc1ccc(C(C)CN2CCCCC2)cc1,0.8780487804878049,0.75,240,1
CCCCCCOc1cccc(C(=O)C=CCN2CCCCC2)c1,0.9268292682926829,0.7142857142857143,251,1
CCCCCCOc1cccc(CN2CCC(CC)CC2)c1,0.8780487804878049,0.7333333333333333,258,1
CCCCCCc1ccccc1OCCCN1CCCCC1,0.8809523809523809,0.7804878048780488,270,1
CCCCCN1CCC(OCOCc2ccccc2)CC1,0.8809523809523809,0.8048780487804879,276,1
CCCCCN1CCC(Oc2ccc(C)cc2)CC1,0.8780487804878049,0.7631578947368421,278,1
CCCCCN1CCCC(COCCCCCCCCCCCCCCCOc2ccccc2)C1,0.95,0.8043478260869565,280,1
CCCCCc1ccc(OCC(=O)CCCN2CCCCC2)cc1,0.9268292682926829,0.7173913043478259,316,1
CCCCCc1ccc(OCCCN2CCCCC2C)cc1,0.8604651162790697,0.6521739130434783,319,1
CCCCN(CC(=O)OC)S(=O)(=O)c1ccccc1,0.8771929824561403,0.6578947368421053,322,1
CCCCN(CCC)S(=O)(=O)c1ccc(C(=O)OC)cc1,0.9107142857142856,0.6153846153846154,324,1
CCCCN(CCCOc1ccccc1)CCCN1CCCCC1,0.902439024390244,0.7173913043478259,326,1
CCCCN(CCCS(C)(=O)=O)S(=O)(=O)c1ccccc1,0.8727272727272727,0.8055555555555556,327,1
CCCCN1CCC(=O)CC1c1ccc(OC)cc1,0.8636363636363636,0.44,328,1
CCCCN1CCC(OCC(c2ccccc2)c2ccccc2)CC1,0.9,0.6666666666666666,331,1
CCCCN1CCC(Oc2ccc(C#N)cc2)CC1,0.8780487804878049,0.6829268292682927,333,1
CCCCN1CCCC(OCc2ccccc2)C1,0.875,0.7142857142857143,336,1
CCCCN1CCCC(Oc2ccccc2)C1,0.875,0.7619047619047619,337,1
CCCCN1CCN(CCCCCCC(=O)Oc2ccccc2)CC1,0.8604651162790697,0.6222222222222222,338,1
CCCCN1CCN(CCCOc2cccc(C)c2)CC1,0.8604651162790697,0.7631578947368421,339,1
CCCCN1CCN(Cc2ccc(OCC(=O)c3ccccc3)cc2)CC1,0.8636363636363636,0.5576923076923077,341,1
CCCCNC(=S)NS(=O)(=O)c1cccc(C)c1,0.8965517241379308,0.7317073170731707,342,1
CCCCNC(C)CO,0.8787878787878788,0.8260869565217391,344,1
CCCCOC(=O)COc1ccc(CCCN2CCCC(C)C2)cc1,0.8636363636363636,0.5862068965517241,345,1
CCCCOC(CN1CCCCC1)C(=O)Cc1ccccc1,0.8780487804878049,0.56,347,1
CCCCOC(CN1CCCCC1)Oc1ccccc1,0.902439024390244,0.6363636363636364,348,1
CCCCOC1CCC(CCCN2CCCCC2)CC1,0.8717948717948718,0.4782608695652174,349,1
CCCCOC1CCN(C(=O)C2CCCCC2)CC1,0.8604651162790697,0.5434782608695652,350,1
CCCCOC1CCN(C(=O)c2ccc(C)cc2)CC1,0.8636363636363636,0.7857142857142857,356,1
CCCCOCCCCN1C=CC(=O)c2ccccc21,0.8863636363636364,0.5909090909090909,359,1
CCCCOCc1ccc(OCCN2CCCCC2)cc1,0.925,0.7560975609756098,364,1
CCCCOc1cc(C(=O)CCC)ccc1OCCCN1CCCCC1,0.8863636363636364,0.7,365,1
CCCCOc1ccc(C(=O)C2CCCCC2)cc1CCN1CCCC1,0.8604651162790697,0.5769230769230769,370,1
CCCCOc1ccc(C(=O)C=CCN2CCCCC2)cc1,0.95,0.813953488372093,373,1
CCCCOc1ccc(C(=O)CCN2CCCCC2)nc1,0.8863636363636364,0.6530612244897959,388,1
CCCCOc1ccc(C(=O)CCN2CCN(C)CC2)cc1,0.8863636363636364,0.7906976744186046,389,1
CCCCOc1ccc(C(=O)OCCCN2CCOCC2)cc1,0.8666666666666667,0.7954545454545454,396,1
CCCCOc1ccc(C(CCC)CCCCN2CCCCC2)cc1,0.8780487804878049,0.7441860465116279,399,1
CCCCOc1ccc(C(CCC)CN2CCCCC2)cc1,0.8780487804878049,0.7441860465116279,400,1
CCCCOc1ccc(C(O)CN2CCCCC2)cc1,0.8604651162790697,0.7045454545454546,402,1
CCCCOc1ccc(C=CC(=O)N2CCCCC2)cc1,0.8636363636363636,0.6590909090909091,403,1
CCCCOc1ccc(CCC(=O)N2CCCCC2)cc1,0.8837209302325582,0.7954545454545454,405,1
CCCCOc1ccc(CCC(=O)OCCCN2CCCCC2)cc1,0.951219512195122,0.7272727272727273,406,1
CCCCOc1ccc(CCC2CCN(C(=O)c3ccccc3)CC2)cc1,0.8636363636363636,0.6078431372549019,407,1
CCCCOc1ccc(CCCN2CCC(c3ccccc3)CC2)cc1,0.8780487804878049,0.6444444444444445,415,1
CCCCOc1ccc(CN2CCC(C(=O)C3CCN(C)CC3)CC2)cc1,0.8837209302325582,0.6136363636363636,418,1
CCCCOc1cccc(C#CC(=O)N2CCCCC2)c1,0.8636363636363636,0.6666666666666666,423,1
CCCCOc1cccc(C(=O)CCN2CCOCC2)c1,0.9069767441860463,0.7659574468085106,428,1
CCCCOc1cccc(CN2CCC(C(=O)O)CC2)c1,0.8636363636363636,0.6956521739130435,440,1
CCCCOc1cccc(N2CCCCC2)c1,0.8604651162790697,0.6341463414634146,444,1
CCCCOc1cccc(OCCCN2CCN(Cc3ccccc3)CC2)c1,0.8636363636363636,0.675,445,1
CCCCc1ccc(C(=O)OCCCN2CCCCC2)cc1,0.875,0.7555555555555555,447,1
CCCCc1ccc(OC2CCN(C)CC2)cc1,0.8780487804878049,0.8285714285714286,448,1
CCCCc1cccc(C(=O)OCCCN2CCCCC2)c1,0.875,0.75,457,1
CCCCc1cccc(OCCN(C)C)c1,0.8717948717948718,0.8285714285714286,459,1
CCCCc1ccccc1OCCCN1CCOCC1,0.8636363636363636,0.6976744186046512,461,1
CCCN(CCC)S(=O)(=O)c1ccc(C)cc1,0.8679245283018868,0.6896551724137931,462,1
CCCN(CCC)S(=O)(=O)c1cccc(C)c1,0.8679245283018868,0.65625,463,1
CCCN1C(=O)c2cc(C(C)=O)[nH]c2N(CC)C1=O,0.9047619047619048,0.3818181818181817,465,1
CCCN1CCC(C(=O)CCOc2ccccc2)CC1,0.902439024390244,0.7674418604651163,466,1
CCCN1CCC(C(=O)COc2ccccc2)CC1,0.902439024390244,0.8,467,1
CCCN1CCC(CCOc2ccccc2)CC1,0.875,0.7837837837837838,468,1
CCCN1CCC(OCCCc2ccccc2)CC1,0.875,0.7,469,1
CCCN1CCC(OCCOc2ccccc2)CC1,0.902439024390244,0.7368421052631579,470,1
CCCN1CCC(OCc2ccccc2)CC1,0.875,0.8333333333333334,471,1
CCCNC(=S)NS(=O)(=O)c1ccccc1,0.8620689655172413,0.8285714285714286,473,1
CCCNCC(O)COCCCCOc1ccccc1,0.8723404255319149,0.6041666666666666,474,1
CCCNCc1cccc(CNCC(O)COc2ccccc2)c1,0.875,0.6041666666666666,475,1
CCCOC(CCCN1CCCCC1)C(C)c1ccc(OC)cc1,0.8604651162790697,0.5769230769230769,476,1
CCCOC1CCN(C(=O)c2ccccc2)CC1,0.8604651162790697,0.8461538461538461,480,1
CCCOC1CCN(Cc2ccccc2)CC1,0.8974358974358975,0.8333333333333334,481,1
CCCOCC(CCCCN1CCCCC1)c1ccc(O)cc1,0.8780487804878049,0.8043478260869565,482,1
CCCOCCCCC(CCCN1CCCCC1)c1ccc(O)cc1,0.8780487804878049,0.8043478260869565,483,1
CCCOCCCOc1ccc(C(=O)CN2CCCCC2)cc1,0.8604651162790697,0.8292682926829268,484,1
CCCOCCOCCOCCCCCOc1ccc(C(=O)CCCN2CCCCC2)cc1,0.8604651162790697,0.8297872340425532,485,1
CCCOc1cc(C(=O)CCCN2CCCCC2)ccc1C,0.8604651162790697,0.7083333333333334,486,1
CCCOc1ccc(C(=O)CCCCCCN2CCN(C)CC2)cc1,0.8636363636363636,0.8181818181818182,495,1
CCCOc1ccc(C(=O)CCCN2CCSCC2)cc1,0.8809523809523809,0.7777777777777778,504,1
CCCOc1ccc(C(=O)CCSCCN2CCCCC2)cc1,0.925,0.7446808510638298,506,1
CCCOc1ccc(C(=O)N2CCC(C)CC2)cc1,0.8636363636363636,0.725,509,1
CCCOc1ccc(C(C)CCCCCCN2CCCCC2)cc1,0.8780487804878049,0.8333333333333334,514,1
CCCOc1ccc(C(C)OCCCN2CCCCC2)cc1,0.9268292682926829,0.7435897435897436,515,1
CCCOc1ccc(C(CCN2CCCCC2)c2ccccc2)cc1,0.875,0.7619047619047619,516,1
CCCOc1ccc(C=CCN2CCCCC2)cc1,0.875,0.825,518,1
CCCOc1ccc(CCN2CCC(C)CC2)cc1,0.9,0.8108108108108109,527,1
CCCOc1ccc(CN2CCCC(C)C2)cc1,0.8780487804878049,0.6808510638297872,529,1
CCCOc1ccc(CSCCCCCCN2CCCCC2)cc1,0.875,0.7111111111111111,531,1
CCCOc1ccc(OC(CN2CCCCC2)c2ccccc2)cc1,0.8780487804878049,0.7857142857142857,532,1
CCCOc1ccc(OC2CCN(C)CC2)cc1,0.9268292682926829,0.7647058823529411,533,1
CCCOc1ccc(OCCN2CCCCC2)cc1,0.9,0.8387096774193549,535,1
CCCOc1cccc(C#CCN2CCCCC2)c1,0.875,0.7380952380952381,536,1
CCCOc1cccc(C(=O)C2CCN(Cc3ccccc3)C2)c1,0.8809523809523809,0.6071428571428571,537,1
CCCOc1cccc(C(=O)C=CCCCCCCN2CCCCC2)c1,0.925,0.8461538461538461,538,1
CCCOc1cccc(C(=O)CN2CCOCC2)c1,0.8604651162790697,0.7777777777777778,543,1
CCCOc1cccc(C(=O)OCCN2CCCC(Cc3ccccc3)C2)c1,0.8604651162790697,0.7017543859649122,546,1
CCCOc1cccc(CC(=O)N2CCCCC2)c1,0.8604651162790697,0.7209302325581395,548,1
CCCOc1cccc(CSCCN2CCCCC2)c1,0.875,0.7111111111111111,557,1
CCCc1cc(C(=O)CCN2CCCCC2)ccc1OCC,0.9047619047619048,0.625,559,1
CCCc1ccc(OC2CCN(C)CC2)cc1,0.8780487804878049,0.8285714285714286,560,1
CCCc1ccc(OCCCN2CCCC(Cc3ccccc3)C2)cc1,0.9,0.66,563,1
CCCc1ccc(OCCN(C)C)cc1,0.8717948717948718,0.7333333333333333,566,1
CCCc1ccc(OCCNCC(O)COc2ccccc2)cc1,0.8936170212765957,0.8333333333333334,568,1
CCCc1cccc(OCCCCN2CCCCC2)c1,0.8974358974358975,0.85,569,1
CCCc1cccc(OCCN(C)C)c1,0.8717948717948718,0.8285714285714286,570,1
CCCc1cccc(OCCN2CCCCC2)c1,0.875,0.85,571,1
CCN(CC(=O)Nc1cccc(C(C)C)c1)C(C)C,0.9189189189189191,0.7,575,1
CCN(CC(=O)Nc1ccccc1C)C(=O)C(C)C,0.9,0.7179487179487181,580,1
CCN(CC)CC(=O)Nc1ccc(C(C)C)cc1,0.9189189189189191,0.7105263157894737,585,1
CCN(CC)CCOC(=O)C1CCCCC1,0.8857142857142857,0.3953488372093023,588,1
CCN1CCC(C(=O)CCCOc2ccccc2)CC1,0.925,0.7777777777777778,590,1
CCN1CCC(C(=O)COc2ccccc2)CC1,0.902439024390244,0.8,591,1
CCN1CCC(C(=O)c2ccc(OCCCOC)cc2)CC1,0.8636363636363636,0.5686274509803921,592,1
CCN1CCC(OCCOC(=O)c2ccccc2)CC1,0.8604651162790697,0.5531914893617021,597,1
CCN1CCC(OCc2ccccc2)CC1,0.875,0.7714285714285715,598,1
CCN1CCCC(COCCOc2ccccc2)C1,0.902439024390244,0.7804878048780488,604,1
CCN1CCCCC1C(=O)COc1ccccc1,0.8636363636363636,0.6222222222222222,606,1
CCOC(=O)C1CCCN1C(=O)C(Cc1ccccc1)NC(=O)c1ccccc1,0.8653846153846154,0.8301886792452831,607,1
CCOC(=O)C1CCCN1C(=O)C(Cc1ccccc1)NC(C)=O,0.94,0.8301886792452831,608,1
CCOC(=O)C1CCCN1C(=O)C(NC(=O)C1CC1)c1ccccc1,0.8823529411764706,0.6,609,1
CCOC(=O)C1CCN(CCCOc2ccccc2)CC1,0.902439024390244,0.75,610,1
CCOC(=O)c1ccc(OCCCN2CCCCC2)cc1,0.902439024390244,0.8333333333333334,611,1
CCOC(CCOc1ccccc1)CCN1CCCCC1,0.8780487804878049,0.5909090909090909,612,1
CCOCC1CCN(CCCOc2ccccc2)CC1,0.9487179487179488,0.7804878048780488,613,1
CCOCCCN1CCC(=O)CC1,0.875,0.5641025641025641,614,1
CCOCCCN1CCC(C(=O)CCCCc2ccccc2)CC1,0.875,0.6530612244897959,615,1
CCOCCCN1CCC(C(=O)c2ccccc2)CC1,0.875,0.6530612244897959,616,1
CCOCCCOc1ccc(C(C)CN2CCCCC2)cc1,0.8809523809523809,0.7441860465116279,619,1
CCOCCN1CCC(COc2ccccc2)CC1,0.8780487804878049,0.7804878048780488,621,1
CCOCCN1CCC(Oc2ccccc2)CC1,0.902439024390244,0.7368421052631579,622,1
CCOCCOc1ccc(C(=O)CN2CCCCC2)cc1,0.8604651162790697,0.7804878048780488,625,1
CCOCCOc1ccc(CCN2CCCCC2)cc1,0.8780487804878049,0.8461538461538461,630,1
CCOCCOc1cccc(C(=O)CCCN2CCCCC2)c1,0.8809523809523809,0.8163265306122449,632,1
CCOCCOc1cccc(CN2CCCC(C)C2)c1,0.8809523809523809,0.7916666666666666,633,1
CCOCCOc1cccc(CN2CCCCC2)c1,0.8780487804878049,0.775,634,1
CCOCCc1ccc(OC2CCN(C)CC2)cc1,0.9047619047619048,0.7368421052631579,635,1
CCOCCc1ccc(OCCCCCCCCCN2CCCCC2)cc1,0.9,0.8333333333333334,636,1
CCOCCc1ccccc1OC1CCN(C)CC1,0.8636363636363636,0.6,637,1
CCOc1ccc(C(=CC(=O)CCN2CCCCC2)c2ccccc2)cc1,0.8604651162790697,0.6458333333333334,638,1
CCOc1ccc(C(=O)C2CCN(Cc3ccccc3)CC2)cc1,0.875,0.5818181818181818,639,1
CCOc1ccc(C(=O)C=CCN2CCCCC2)cc1,0.875,0.813953488372093,640,1
CCOc1ccc(C(=O)CCN2CCCCCC2)cc1,0.875,0.8461538461538461,650,1
CCOc1ccc(C(=O)CN2CCCCC2)cc1,0.9,0.7894736842105263,651,1
CCOc1ccc(C(C)CCN2CCCCC2)cc1,0.875,0.7142857142857143,656,1
CCOc1ccc(C)c(C(=O)CCN2CCCCC2)c1,0.8604651162790697,0.6666666666666666,657,1
CCOc1ccc(CCN2CCC(C)CC2)cc1,0.875,0.8108108108108109,659,1
CCOc1ccc(CN2CCC(C)CC2)cc1,0.875,0.7222222222222222,661,1
CCOc1ccc(N2CCC(=O)CC2)cc1,0.8604651162790697,0.4390243902439024,665,1
CCOc1ccc(OC2CCN(C)CC2)cc1,0.9268292682926829,0.7647058823529411,666,1
CCOc1ccc(OCCN2CCCCC2)cc1,0.875,0.8387096774193549,669,1
CCOc1cccc(C(=O)C=CCCCCCCN2CCCCC2)c1,0.875,0.8461538461538461,670,1
CCOc1cccc(C(=O)CN2CCCCC2)c1,0.9,0.8095238095238095,676,1
CCOc1cccc(C(C)CCN2CCCCC2)c1,0.875,0.7142857142857143,679,1
CCOc1cccc(CCN2CCC(C)CC2)c1,0.875,0.7,680,1
CCOc1cccc(COC(=O)CCCCCCN2CCCCC2)c1,0.8780487804878049,0.660377358490566,681,1
CCc1ccc(OCCN(C)C)cc1,0.8717948717948718,0.7333333333333333,690,1
CCc1cccc(OC(=O)CCCN2CCCCC2)c1,0.875,0.7708333333333334,691,1
CCc1cccc(OCCCN2CCCCC2)c1,0.8974358974358975,0.7804878048780488,692,1
CCc1cccc(OCCN(C)C)c1,0.8717948717948718,0.7647058823529411,693,1
CN(C)CCC=Cc1ccccn1,0.9,0.4857142857142857,695,1
CN(C)CCCCc1cncc(-c2ccccc2)c1,0.875,0.5476190476190477,697,1
CN(C)CCCc1cccnc1,0.8666666666666667,0.7931034482758621,699,1
CN(C)CCOc1ccc(C(c2ccccc2)c2ccccc2)cc1,0.8717948717948718,0.6285714285714286,700,1
CN(C)CCOc1ccc(CCc2ccccc2)cc1,0.8717948717948718,0.8064516129032258,701,1
CN1CCC(C(=O)OCCOc2ccccc2)CC1,0.8604651162790697,0.6521739130434783,708,1
CN1CCC(CCCOc2ccccc2)CC1,0.875,0.8484848484848485,709,1
CN1CCC(CCOCCOc2ccccc2)CC1,0.8780487804878049,0.8285714285714286,710,1
CN1CCC(OCCCCc2ccccc2)CC1,0.875,0.8,712,1
CN1CCC(OCCOc2ccccc2)CC1,0.902439024390244,0.7368421052631579,713,1
CN1CCC(OCCc2ccccc2)CC1,0.875,0.8,714,1
CN1CCC(OCc2ccccc2)CC1,0.875,0.7142857142857143,715,1
CN1CCCC(C(=O)COc2ccccc2)C1,0.9047619047619048,0.7073170731707317,716,1
CNC(C)C(=O)Oc1ccccc1,0.9090909090909092,0.3783783783783784,717,1
COC1CCN(CCc2ccc(C(C)(C)C)cc2)CC1,0.8604651162790697,0.4772727272727273,720,1
COCC(C)c1ccc(OCCCN2CCCCC2)cc1,0.8780487804878049,0.6976744186046512,721,1
COCCC1CCCCN1CCCOc1ccccc1,0.8809523809523809,0.7727272727272727,723,1
COCCCN1CCC(Oc2ccccc2)CC1,0.902439024390244,0.8333333333333334,726,1
COCCCN1CCC(c2ccc(OC)cc2)CC1,0.8604651162790697,0.5454545454545454,727,1
COCCCN1CCCC(Oc2ccccc2)C1,0.8809523809523809,0.85,728,1
COCCN(CCCCCN1CCCCC1)CCCOc1ccccc1,0.8809523809523809,0.7173913043478259,732,1
COCCN1CCC(OCCc2ccccc2)CC1,0.8780487804878049,0.7105263157894737,733,1
COCCN1CCC(Oc2ccc(C#Cc3ccccc3)cc2)CC1,0.8604651162790697,0.775,734,1
COCCN1CCC(Oc2ccccc2)CC1,0.902439024390244,0.8333333333333334,735,1
COCCN1CCCC(Oc2ccccc2)C1,0.8780487804878049,0.85,736,1
COCCOc1ccc(C(=O)CN2CCCCC2)cc1,0.8604651162790697,0.7948717948717948,741,1
COCCOc1ccc(C(=O)OCCCN2CCCCC2)cc1,0.8636363636363636,0.8372093023255814,742,1
COCCOc1ccc(CCN2CCCCC2)cc1,0.8780487804878049,0.8378378378378378,746,1
COCCOc1cccc(C(=O)CCCCN2CCCCC2)c1,0.8809523809523809,0.8297872340425532,748,1
COCCOc1cccc(C(=O)CN2CCCCC2)c1,0.8604651162790697,0.813953488372093,749,1
COCCOc1cccc(C(=O)OCCCN2CCCCC2)c1,0.8636363636363636,0.8333333333333334,750,1
COCCOc1cccc(CCN2CCCCC2)c1,0.8780487804878049,0.7804878048780488,751,1
COc1cc(C(=O)CN2CCCCC2)cc(C(C)(C)C)c1,0.8837209302325582,0.52,754,1
COc1cc(C(=O)NS(=O)(=O)c2ccccc2)ccc1CNC1CCCCC1,0.8918918918918919,0.4782608695652174,755,1
COc1cc(OC)cc(C(=O)C(C)N)c1,0.875,0.3191489361702128,756,1
COc1ccc(C(=O)CCCCCCCN2CCC(C)CC2)cc1,0.8780487804878049,0.6041666666666666,757,1
COc1ccc(C(C)CCOCCCN2CCCCC2)cc1,0.902439024390244,0.6304347826086957,760,1
COc1ccc(C(O)CCN2CCN(C(C)=O)CC2)cc1,0.8620689655172413,0.4807692307692308,761,1
COc1ccc(C2CCCN2CCCNc2nccc(C(F)(F)F)n2)cc1,0.8666666666666667,0.3939393939393939,762,1
COc1ccc(CCCN2CCC(=O)CC2)cc1,0.875,0.6756756756756757,763,1
COc1ccc(CCOC(=O)C2CCN(C)CC2)cc1,0.8604651162790697,0.6086956521739131,764,1
COc1ccc(CN2CCC(=O)CC2)cc1,0.875,0.6756756756756757,765,1
COc1ccc(COCCCN2CCCCC2)cc1,0.875,0.75,766,1
COc1ccc(OC)c(NC(=O)CCNc2ncccn2)c1,0.8771929824561403,0.7391304347826086,767,1
COc1ccc(OCCCN2CCCCC2)cc1,0.875,0.7575757575757576,768,1
COc1ccc(S(=O)(=O)NCCCC(=O)NCc2ccccc2)cc1F,0.8684210526315791,0.4125,769,1
COc1cccc(C(=O)CCCC2CCN(C)CC2)c1,0.8780487804878049,0.58,770,1
COc1cccc(C(=O)CCN2CCCCC2)c1,0.875,0.7073170731707317,771,1
COc1cccc(CCN2CCC(=O)CC2)c1,0.875,0.7435897435897436,772,1
COc1cccc(CN2CCC(=O)CC2)c1,0.875,0.7435897435897436,773,1
COc1ccccc1CC1=NCCN1,0.8723404255319149,0.6410256410256411,774,1
Cc1ccc(C(=O)C=Cc2ccc(OCCCN3CCCCC3)cc2)cc1,0.8780487804878049,0.6444444444444445,775,1
Cc1ccc(CCCN(C)C)cn1,0.8709677419354839,0.5882352941176471,776,1
Cc1ccc(OCC(O)CNC(C)C)cc1,0.8717948717948718,0.75,777,1
Cc1ccc(OCCCN2CCCCC2)cc1,0.8717948717948718,0.7575757575757576,778,1
Cc1ccc(S(=O)(=O)N2CCN(C(=O)NN3CCCCC3)CC2)cc1,0.8676470588235294,0.5555555555555556,779,1
Cc1cccc(OCCCN2CCCC(=O)C2)c1,0.9,0.6976744186046512,780,1
Cc1cccc(OCCCN2CCCCC2)c1,0.8717948717948718,0.7631578947368421,781,1
N=C(N)CCCN1CCCCCCC1,0.8648648648648649,0.8333333333333334,784,1
N=C(N)CCNCCN1CCCCCCC1,0.8717948717948718,0.6,785,1
N=C(N)CN1CCCCCCC1,0.8648648648648649,0.56,786,1
NCCCN=C(N)N1CCCCCC1,0.8684210526315791,0.35714285714285715,788,1
NCCCn1cnc2ccccc21,0.8648648648648649,0.3050847457627119,789,1
NCCc1cscn1,0.8666666666666667,0.36666666666666653,790,1
NCCc1nccs1,0.9,0.375,791,1
NS(=O)(=O)c1cccc(C(=O)NN2CCCCCC2)c1,0.8636363636363636,0.40384615384615385,792,1
Nc1cc2cnccc2nn1,0.8709677419354839,0.25,793,1
Nc1cccc(N=C2NCCN2)c1,0.8717948717948718,0.3888888888888889,794,1
Nc1ncnc2nnccc12,0.8709677419354839,0.5483870967741935,795,1
Nc1nnnc2ccccc12,0.875,0.5555555555555556,796,1
O=C(C1CCCN1Cc1ccccc1)N1CCC(O)CC1,0.8679245283018868,0.7333333333333333,797,1
O=C(CCN1CCCCC1)COc1ccccc1,0.875,0.7631578947368421,806,1
O=C(CCN1CCCCC1)c1cccc(COc2ccccc2)c1,0.875,0.6458333333333334,807,1
O=C(Cc1ccccc1)N1CC(O)C(CN2CCCCC2)C1,0.8867924528301887,0.4423076923076923,809,1
O=C(O)C1=COc2ccccc2C1=O,0.8666666666666667,0.4615384615384616,810,1
O=C(O)CN1CCN(Cc2ccc(Cl)cc2)CC1,0.8695652173913043,0.38461538461538464,812,1
O=C(O)COCCCN1CCN(C(c2ccccc2)c2ccccc2)CC1,0.8723404255319149,0.4489795918367347,813,1
O=C(O)c1ccc2c(c1)C(=O)c1ccccc1O2,0.88,0.6,815,1
O=C(O)c1cccc(O)c1O,0.8636363636363636,0.64,816,1
O=C(c1cccc(Cl)c1)N1CCC(O)(c2ccccc2)CC1,0.8679245283018868,0.3728813559322034,817,1
O=C(c1ccccc1)N1CCN(CCCN2CCC(O)C2)CC1,0.8867924528301887,0.4705882352941176,818,1
O=C1CCN(CCCOCCc2ccccc2)CC1,0.8717948717948718,0.6410256410256411,822,1
O=Cc1ccc(OCCCN2CCCCC2)cc1,0.8974358974358975,0.6486486486486487,827,1
CCCC1CC(C(=O)NC(C(C)O)C2OC(SC)C2(O)O)N(C)C1,0.8939393939393939,0.7719298245614035,833,1
CCCC1CC(C(=O)NC(C(C)O)C2OC(SC)C(O)C2(O)O)N(C)C1O,0.875,0.7288135593220338,835,1
COCC1CC(C(=O)NC(C(C)O)C2OC(SC)C(O)C(O)C2O)N(C)C1,0.90625,0.7719298245614035,839,1
NC(C(=O)NC1C(=O)N2C(C(=O)O)=C(Sc3cnn[nH]3)CSC12)c1ccc(O)cc1,0.943661971830986,0.5352112676056338,841,1
NCc1ccccc1CC(=O)NC1C(=O)N2C(C(=O)O)=C(CSc3nnnn3CC(=O)O)CC12,0.9230769230769232,0.7910447761194029,842,1
NCc1ccccc1CC(=O)NC1C(=O)N2C(C(=O)O)=C(Sc3nnnn3CC(=O)O)CC12,0.8974358974358975,0.7910447761194029,843,1
NS(=O)(=O)c1ccc(NCc2ccco2)c(C(=O)O)c1,0.9365079365079364,0.6938775510204082,845,1
Cc1cc2c(cc1S(N)(=O)=O)S(=O)NC(C(Cl)Cl)N2,0.9508196721311476,0.7441860465116279,847,1
NS(=O)(=O)c1cc2c(cc1Cl)NC(C(Cl)Cl)N[SH]2O,0.921875,0.5833333333333334,850,1
NS(=O)(=O)c1cc2c(cc1Cl)NC=[SH]S2(=O)=O,0.9193548387096774,0.5952380952380952,852,1
NS(=O)(=O)c1cc2c(cc1Cl)NCN[SH]2(=O)O,0.9,0.5777777777777777,854,1
NS(=O)(=O)c1cc2c(cc1Cl)NCNSS2(=O)=O,0.8805970149253731,0.6666666666666666,855,1
CC1(C)CN2C(=O)C(NC(=O)C(NS(=O)(=O)O)c3ccccc3)C2S1,0.9154929577464788,0.4307692307692308,857,1
CCCCCC(NC(=O)C1CCCC(C)CN1C)C1OC(SC)C(O)C(O)C1O,0.921875,0.5909090909090909,858,1
CCCC1CC(C(=O)NC(C(C)Cl)C2OC(S)C(O)C(O)C2O)N1C,0.8656716417910447,0.7407407407407407,863,1
CCCC1CC(C(=O)NC(C(C)O)C2OC(CO)C(O)C(O)C2O)N(C)C1,0.8923076923076924,0.7368421052631579,866,1
CCCC1CC(C(=O)NC(C(C)O)C2OC(SO)C(O)C(O)C2O)N(C)C1O,0.8656716417910447,0.8461538461538461,872,1
CCCCCCC(C(=O)NC(C(C)Cl)C1OC(SC)C(O)C(O)C1O)N(C)C,0.8636363636363636,0.5932203389830508,873,1
CCNC1CC(C(=O)NC(C(C)O)C2OC(SC)C(O)C(O)C2O)N(C)C1,0.8939393939393939,0.7543859649122807,874,1
CON=CC(=O)NC1C(=O)N2C(C(=O)O)=C(COC(C)=O)CSC12,0.927536231884058,0.7272727272727273,875,1
Cc1c(C(O)CN)ccc(O)c1O,0.9333333333333332,0.2702702702702703,876,1
NCC1OCCC(N)C(OC2C(N)CC(N)C(OC3OC(CO)C(O)C(N)C3O)C2O)O1,0.96,0.7346938775510204,879,1
NS(=O)(=O)c1cc2c(cc1Cl)NC(C(Cl)Cl)N[SH]2(=O)O,0.9375,0.5714285714285714,880,1
CC12CCC(=O)C=C1OCC1C2C(O)CC2(C)C1CCC2(O)C(=O)CO,0.8979591836734694,0.4189189189189189,882,1
CCCC1CC(C(=O)NC2CCOC(SC)C(O)C(O)C(O)C2C)N(C)C1,0.8805970149253731,0.5671641791044776,885,1
C=C1OC(C(NC(=O)C2CC(CCC)CN2C)C(C)Cl)C(O)C(O)C1O,0.9104477611940298,0.6885245901639344,886,1
CCCC1CC(C(=O)NC(C(C)Cl)C2OC(CC)C(O)C(O)C2O)N(C)C1,0.9384615384615383,0.7586206896551724,887,1
CCCC1CC(C(=O)NC(C(C)Cl)C2OC(SC)C(O)C(O)C2O)N(C)C1S,0.9384615384615383,0.8070175438596491,891,1
CCCC1CC(C(=O)NC(C2=C(SC)C(O)C(O)C2O)C(C)O)N(C)C1,0.890625,0.6190476190476191,893,1
CCCC1CC(C(=O)NC(C(C)O)C2CC(O)C(O)C(SC)O2)N(C)C1,0.9365079365079364,0.7818181818181819,894,1
CCCC1CC(C(=O)NC(C(C)O)C2OC(SC)C(O)C(O)C2O)N(C)C1Cl,0.9230769230769232,0.8148148148148148,895,1
CCCC1CC(C(=O)NC(C(C)O)C2OC(SC)C(O)C(O)C2O)N(C)C1O,0.9508196721311476,0.8461538461538461,896,1
CCCC1CC(C(=O)NCCC(C)CCC2OC(SC)C(O)C(O)C2O)N(C)C1,0.9090909090909092,0.625,898,1
CCN(CC)C(=O)Nc1ccc(OOC(O)CNC(C)(C)O)c(C(C)=O)c1,0.8870967741935484,0.3125,899,1
CN(C)C1C(=O)C(C(N)=O)=C(O)C2(O)C(=O)C3=C(O)c4c(O)ccc(Cl)c4C3(C)CC12,0.9516129032258064,0.547945205479452,900,1
CC(C)(F)c1cc2c(cc1S(C)(=O)=O)S(=O)(=O)NCN2,0.8970588235294118,0.6976744186046512,903,1
C=S1(=O)N=CNc2cc(Cl)c(S(N)(=O)=O)cc21,0.9666666666666668,0.75,909,1
NS(=O)(=O)c1cc2c(cc1Cl)NC=N[SH]2(=O)O,0.921875,0.7209302325581395,910,1
NS(=O)(=O)c1cc2c(cc1Cl)NC=N[SH]2(=O)OO,0.8939393939393939,0.7209302325581395,911,1
OCc1cnc2n1-c1ccc(Cl)cc1C(c1ccccc1)=NC2,0.94,0.6792452830188679,913,1
OCc1nnc2n1Cc1ccc(Cl)cc1C(c1ccccc1)=NC2,0.9230769230769232,0.6666666666666666,914,1
C=C(Cc1ccco1)NC1C(=O)N2C(C(=O)O)=C(CSc3ncn[nH]3)CSC12,0.9577464788732394,0.75,915,1
C=C(Cc1ccco1)NC1C(=O)N2C(C(=O)O)=C(CSc3ncn[nH]3)CCC12,0.8918918918918919,0.7702702702702703,916,1
C=C(Cc1ccco1)NC1C(=O)N2C(C(=O)O)CC(CSc3ncn[nH]3)CSC12,0.9027777777777778,0.6071428571428571,917,1
CC(O)C1C(=O)N2C(C(=O)O)=C(SCCN=CN)CC12N,0.9090909090909092,0.7777777777777778,921,1
CC1(C)SC2C(NC(=O)C(N)c3ccccc3)C(=O)N2C1C(O)CO,0.873015873015873,0.6964285714285714,922,1
CC1(C)SC2C(NC(=O)C(N=Cc3ccco3)C3=CCC(O)C=C3)C(=O)N2C1C(=O)O,0.8833333333333333,0.625,924,1
CC(CCCC(=O)NC1C(=O)N2C1SC(C)(C)C2C(=O)O)C(=O)O,0.9016393442622952,0.6607142857142857,929,1
CC1(C)SC2C(NC(=O)CCNC(N)C(=O)O)C(=O)N2C1C(=O)O,0.8769230769230769,0.6607142857142857,930,1
CC1=C(C(=O)O)N2C(=O)C(NC(=O)C(N)C3CC=CCCC3)C2SC1,0.9152542372881356,0.7213114754098361,932,1
CCCC1CC(C(=O)NC(C(C)Cl)C2OC(O)(SC)C(O)C2O)N(C)C1,0.9253731343283582,0.6666666666666666,934,1
CCCC1CC(C(=O)NC(C(C)Cl)C2OC(SC)C(O)C(O)C2O)N1C,0.8656716417910447,0.8035714285714286,935,1
CCCC1CC(C(=O)NC(C(C)O)C2OC(SC)C(O)C(N)C2O)N(C)C1O,0.9206349206349206,0.8333333333333334,938,1
CCOC(CO)C(CCc1ccccc1)NC(C)C(=O)N1CCCC1C(=O)O,0.8928571428571429,0.4696969696969697,941,1
COC=C(C(=O)NC1C(=O)N2C(C(=O)O)=C(CSc3nnnn3C)CSC12)c1csc(N)n1,0.9375,0.5930232558139535,942,1
CON=C(C(=O)NC1C(=O)N2C(C(=O)O)=C(CCc3scnc3C)CSC12)c1csc(N)n1,0.9220779220779219,0.7402597402597403,943,1
CON=C(C(=O)NC1C(=O)N2C(C(=O)O)=C(COC(C)=O)CSC12)C1=C[SH](C)C1C,0.9014084507042254,0.7391304347826086,944,1
CCOc1cc(Cc2nccc3cc(OC)c(OC)cc23)ccc1OC,0.9142857142857144,0.29508196721311475,945,1
Cc1cc2c(cc1S(N)(=O)=O)S(=O)(=O)NC(C(Cl)Cl)N2,0.9672131147540984,0.75,947,1
CC(N)COCC(CN(Cc1ccccc1)c1ccccc1)N1CCCC1,0.8666666666666667,0.7872340425531915,949,1
CC1=C(C(=O)O)N2C(=O)C(NC(=O)C(N)C3C=CCCCCC3)C2SC1,0.9310344827586208,0.7213114754098361,951,1
CC1c2cccc(O)c2C(O)CC2=C(O)C3(O)C(=O)C(C(N)=O)=C(O)C(N(C)C)C3C(O)C21,0.9322033898305084,0.3411764705882353,952,1
CCC1OC(=O)C(C)C(OC2CC(C)(OC)C(O)C(C)O2)C(C)C(OC2OC(C)CC(N(C)C)C2O)C(C)(O)CC(C)C=COCCCCC1C,0.9166666666666666,0.7555555555555555,954,1
CCCC1CC(C(=O)NC(C(C)O)C2OC(SC)C(O)C(O)C2O)N(CC)CC1C,0.921875,0.7627118644067796,959,1
CCCC1CC(C(=O)NC(C(C)O)C2C=C(SC)C(O)C(O)C2O)N(C)C1,0.9206349206349206,0.6229508196721312,960,1
CCCC1CN(C)C(C(=O)NC(C(C)O)C2OC(SC)C(O)C(O)C2O)N1,0.9375,0.6666666666666666,961,1
CN(C)C1C(=O)C(C(N)=O)=C(O)C2(O)C(=O)C3=C(O)c4c(O)ccc(Cl)c4C(C)(O)C3CC12O,0.967741935483871,0.8387096774193549,964,1
CN=C(C[N+](=O)[O-])NCCSCc1ccc(CNC)o1,0.9322033898305084,0.5714285714285714,965,1
COC1C=COC2(C)Oc3c(C)c(O)c4c(c3C2=O)-c2nc3cc(C)ccn3c2C4(O)NC(=O)C(C)=CC=CC(C)C(O)C(C)C(O)C(C)C(OC(C)=O)C1C,0.9523809523809524,0.65,966,1
CSC1OC(C(NC(=O)C2CC(CCN)CN2C)C(C)O)C(O)C(O)C1O,0.9230769230769232,0.8363636363636363,974,1
C#CC1(O)CCC2C3CCc4cc(O)ccc4C3CCC21CC,0.9142857142857144,0.3181818181818182,975,1
CC(O)C1C(=O)N2C(C(=O)O)=C(CCCC=CN)SC12,0.8771929824561403,0.7307692307692307,976,1
CC(O)C1C(=O)N2C(C(=O)O)=C(CCCN=CN)SC12,0.873015873015873,0.7307692307692307,978,1
CC(O)C1C(=O)N2C(C(=O)O)=C(SCCC=CN)SC12,0.8644067796610171,0.7692307692307693,979,1
CC(O)C1C(=O)N2C(C(=O)O)=C(SCCN=CN)CC12C,0.9375,0.7777777777777778,980,1
CC(O)C1C(=O)N2C(C(=O)O)=C(SCCN=CN)SC12,0.890625,0.7692307692307693,981,1
CC(O)C1C(=O)N2C(C(=O)O)=C(SCCN=CN)SC12C,0.8636363636363636,0.6491228070175439,982,1
CC(O)C1C(=O)N2C(C(=O)O)=C(SCCNCCN)CC12,0.8615384615384616,0.5166666666666667,983,1
CC12CCC(=O)C=C1CCC1CC3(C)C(CC3(C)O)C12,0.945945945945946,0.5686274509803921,985,1
CC12COC(=O)C1CCC1C2CCC2(C)C1CCC2(C)O,0.9487179487179488,0.4509803921568628,987,1
CN=C(C[N+](=O)[O-])NCCSc1ccc(CC(C)C)o1,0.95,0.5714285714285714,988,1
CON=C(C(=O)NC1C(=O)N2C(C(=O)O)=C(COC(C)CO)CSC12)C1=CC=C1,0.8783783783783784,0.7761194029850746,989,1
Cc1nc(N)c2nc(-c3ccccc3)c(N)nc2n1,0.875,0.3947368421052632,991,1
NS(=O)(=O)c1cc2c(cc1Cl)NC=CS2(=O)=O,0.9016393442622952,0.5952380952380952,992,1
O=C(Cc1ccc(Cl)c(Cl)c1)N1CCc2[nH]cnc2C1C1CCCC1,0.9230769230769232,0.7413793103448276,994,1
CC1CCCN1CC1c2nc[nH]c2CCN1C(=O)Cc1ccc(Cl)c(Cl)c1,0.9272727272727272,0.8225806451612904,997,1
CNCC1c2nc[nH]c2CCN1C(=O)Cc1ccc(Cl)c(Cl)c1,0.9107142857142856,0.8245614035087719,998,1
CC(O)C1C(=O)N2C(C(=O)O)=C(SC3CNC(C(=O)N(C)C)C3)C(C)C12O,0.967741935483871,0.8275862068965517,1002,1
CC(O)C1C(=O)N2C(C(=O)O)=C(SC3CNC(C(=O)N(C)C)C3)C(C)C12C,0.967741935483871,0.8275862068965517,1003,1
CC(O)C1C(=O)N2C(C(=O)O)=C(SC3CNC(C(=O)N(C)C)C3)C(C)C12N,0.8955223880597015,0.7833333333333333,1004,1
CC(O)C1C(=O)N2C(C(=O)O)=C(SC3CNC(C(=O)N(C)C)C3)C(C)C12P,0.9523809523809524,0.7966101694915254,1005,1
CC(O)C1C(=O)N2C(C(=O)O)=C(SC3CNC(C(=O)N(C)C)C3)C(C)C12PO,0.8955223880597015,0.7741935483870968,1006,1
CC(O)C1C(=O)N2C(C(=O)O)=C(SC3CNC(C(=O)N(C)C)C3C)C12,0.873015873015873,0.7818181818181819,1007,1
CCC1C(SC2=C(C(=O)O)N3C(=O)C(C(C)O)C23)CNC1C(=O)N(C)C,0.8769230769230769,0.7818181818181819,1008,1
CCCC1CNC(C(=O)NC(C(C)O)C2OC(SC)C(O)C(O)C2O)C1,0.9193548387096774,0.6666666666666666,1009,1
CCCC1CC(C(=O)NC2C(C)OCC(OC(SC)C(O)CO)C2O)N(C)C1,0.8676470588235294,0.4861111111111111,1011,1
CCCNCC(O)COc1ccccc1C(=O)CCc1ccccc1OC,0.94,0.8461538461538461,1015,1
CCCNCC(O)COc1ccccc1C(=O)CCc1ccccc1OCl,0.8867924528301887,0.8461538461538461,1016,1
CCCNCC(O)COc1ccccc1C(=O)CCc1ccccc1OO,0.9215686274509804,0.8461538461538461,1017,1
CCc1cccc2c1C(=O)c1c(O)c3c(c(O)c1C2=O)CC(O)(C(O)CO)CC3O,0.9268292682926829,0.25,1018,1
CN(N)c1cc(-c2n[nH]c(N)n2)ccn1,0.8780487804878049,0.24,1023,1
O=C(Cc1ccc(Cl)c(Cl)c1)C1CCc2[nH]cnc2C1CN1CCCC1,0.903846153846154,0.6349206349206349,1024,1
O=C(Cc1ccc(Cl)c(Cl)c1)N1CCc2[nH]cnc2C1CC1CCCC1,0.9607843137254902,0.7580645161290323,1025,1
CC(C)COCC(CN(Cc1ccccc1)c1ccccc1)N1CCC1,0.9069767441860463,0.7872340425531915,1026,1
CC1(C)SC2C(NC(=O)C(N)c3ccccc3)C(=O)N2C1C(=O)OC1C=C=C=CC2=CC=C21,0.8644067796610171,0.6764705882352942,1027,1
CC1CC2(C)CC(O)C3C(CCC4=CC(=O)CCC43C)CCC12,0.8888888888888888,0.6538461538461539,1028,1
CC1CC2C(O)CC2(C)CC(O)C2C1CCC1=CC(=O)CCC12C,0.8684210526315791,0.6538461538461539,1029,1
CCCC1CC(C(=O)NC(CC)CC2OC(SC)C(O)C(O)C2O)N(C)C1I,0.8823529411764706,0.5714285714285714,1030,1
CCCC1CC(C(=O)NC(CC)NC2OC(SC)C(O)C(O)C2O)N(C)C1,0.9242424242424242,0.7118644067796609,1031,1
CCCC1CC(C(=O)NC(C(C)Cl)C2OC(SC)C(O)C(N)C2O)C(C)C1NCCO,0.8656716417910447,0.5342465753424658,1032,1
CCCCCC(O)C=CC1C(O)CC(=O)C1CCCCCCC(=O)OC,0.9142857142857144,0.3150684931506849,1034,1
Cc1ccc(S(=O)(=O)NC(=O)NN2CCCCCC2)cc1C,0.9552238805970148,0.8048780487804879,1035,1
Cc1ccc(S(=O)(=O)NC(=O)NN2CCCCCC2)cc1N,0.9411764705882352,0.7857142857142857,1036,1
CNc1cc(S(=O)(=O)NC(=O)NN2CCCCCC2)ccc1C,0.927536231884058,0.7674418604651163,1037,1
Cc1ccc(S(=O)(=O)NC(=O)NN2CCCCCC2)cc1O,0.8767123287671232,0.8048780487804879,1038,1
Cc1ccc(S(=O)(=O)NC(=O)NN2CCCCCC2)cc1SO,0.927536231884058,0.75,1039,1
Cc1cnn(-c2c(Cl)cccc2Cl)c1C(=O)OC1C(=O)N2C1SC(C)(C)C2C(=O)O,0.9104477611940298,0.4358974358974359,1040,1
C=C(NC1C(=O)N2C(C(=O)O)=C(Cl)CCC12)C(N)c1ccccc1,0.9629629629629628,0.8076923076923077,1041,1
Cc1ccccc1C(N)C(=O)NC1C(=O)N2C(C(=O)O)=C(Cl)CCC12,0.9636363636363636,0.7636363636363637,1042,1
O=C(Cc1ccc(Cl)c(Cl)c1)N1CCc2[nH]cnc2C1CN1CCCCOC1Cl,0.8947368421052632,0.7460317460317459,1047,1
CC(C)COCC(CN(CC1=C=CC=C1)c1ccccc1)N1CCCC1,0.8863636363636364,0.6666666666666666,1049,1
CC(O)C1C(=O)N2C(C(=O)O)=C(SC3C=[SH](=O)C3)SC12,0.873015873015873,0.5862068965517241,1050,1
CCCC1CC(C(=O)NC(C(C)O)C2OC(O)(S)C(O)C2O)N(C)C1,0.9076923076923076,0.6612903225806451,1052,1
CCCC1CC(C(=O)NC(C(C)O)C2CC(SC)C(O)C(O)C2O)N(C)C1,0.9508196721311476,0.6610169491525424,1054,1
CCCC1CC(C(CO)NC(C(C)O)C2OC(SC)C(O)C(O)C2O)N(C)C1,0.8636363636363636,0.6451612903225806,1055,1
CCCCCCC(NCC)C(=O)NC(C(C)O)C1OC(SC)C(O)C(O)C1O,0.8870967741935484,0.5932203389830508,1056,1
CCC1=COCc2c1[nH]c1c2CCOC1(CC)CC(=O)O,0.8703703703703703,0.1927710843373494,1057,1
CC1=C(C(=O)Nc2ccccn2)N(C)S(=O)(=O)c2ccccc21,0.875,0.25396825396825395,1058,1
CNC(=NC#N)Nc1cccc(-c2csc(N=C(N)N)n2)c1C,0.9189189189189191,0.265625,1059,1
CON=C(C(=O)NC1C(=O)N2C(C(=O)O)=C(COC(C)=O)CSC12)C1=C=CC1,0.927536231884058,0.7971014492753623,1060,1
CON=C(C(=O)NC1C(=O)N2C(C(=O)O)=C(COC(C)=O)CSC12)C1=C=CNC1,0.9166666666666666,0.7971014492753623,1061,1
CON=C(C(=O)NC1C(=O)N2C(C(=O)O)=C(COC(C)=O)CSC12)C1=CC=C1C,0.9142857142857144,0.8125,1062,1
CON=C(C(=O)NC1C(=O)N2C(C(=O)O)=C(COC(C)=O)CSC12)C1=CC=CCC1,0.8888888888888888,0.7681159420289855,1063,1
Cc1cc(O)ccc1C=C(C#N)C(C#N)=Cc1ccc(O)cc1,0.8695652173913043,0.2826086956521739,1065,1
NCC1OC(OC2C(N)CC(N)(OC3OC(CO)C(O)C(N)C3O)C2O)C(N)C1O,0.9019607843137256,0.6666666666666666,1066,1
CC1CCCC1CC1c2nc[nH]c2CCN1C(=O)Cc1ccc(Cl)c(Cl)c1,0.8909090909090909,0.7936507936507936,1067,1
CC1CCN(CC2c3nc[nH]c3CCN2C(=O)Cc2ccc(Cl)c(Cl)c2)C1,0.9272727272727272,0.8225806451612904,1068,1
CCC1C(O)CCN1CC1c2nc[nH]c2CCN1C(=O)Cc1ccc(Cl)c(Cl)c1,0.9523809523809524,0.8253968253968254,1069,1
C=C1CCCN1CC1c2nc[nH]c2CCN1C(=O)Cc1ccc(Cl)c(Cl)c1,0.9272727272727272,0.7796610169491526,1070,1
CCC1CCCN1CC1c2nc[nH]c2CCN1C(=O)Cc1ccc(Cl)c(Cl)c1,0.9272727272727272,0.8125,1071,1
NC1CCCN1CC1c2nc[nH]c2CCN1C(=O)Cc1ccc(Cl)c(Cl)c1,0.9272727272727272,0.8225806451612904,1072,1
O=C(Cc1ccc(Cl)c(Cl)c1)N1CCc2[nH]cnc2C1CN1CCCC1O,0.95,0.8225806451612904,1073,1
O=C(Cc1ccc(Cl)c(Cl)c1)N1CCc2[nH]cnc2N1CN1CCCC1,0.8793103448275862,0.6031746031746031,1076,1
O=C(Cc1ccc(Cl)c(Cl)c1)N1Cc2[nH]cnc2C1CN1CCCC1,0.9411764705882352,0.8363636363636363,1077,1
CC(C)Cc1ccc(CSCCNC2N=CC=C2[N+](=O)[O-])o1,0.9523809523809524,0.36764705882352944,1078,1
CN(C)C1C(=O)C(C(N)=O)=C(O)C2(O)C(=O)C3=C(O)c4c(O)ccc(Cl)c4C(C)(O)C3C12O,0.9482758620689656,0.7230769230769231,1081,1
CNCC1CC(C(=O)NC(C(C)O)C2OC(SC)C(O)C(O)C2O)N(C)C1NC,0.8636363636363636,0.7241379310344828,1082,1
Cc1onc(-c2c(Cl)cccc2Cl)c1C(=O)NC1C(=O)N2C1SC(C)(C)C2C=O,0.9393939393939394,0.765625,1083,1
Cc1onc(-c2c(Cl)cccc2Cl)c1C(=O)NC1C(=O)N2C1SC(C)(C)C2CO,0.9027777777777778,0.765625,1085,1
CC1C(O)CCC1CC1c2nc[nH]c2CCN1C(=O)Cc1ccc(Cl)c(Cl)c1,0.8888888888888888,0.7936507936507936,1086,1
CC1C(O)CCN1CC1c2nc[nH]c2CCN1C(=O)Cc1ccc(Cl)c(Cl)c1,0.9523809523809524,0.8253968253968254,1087,1
CC1=C(OC2C=CC=CC=CC=CC=CC=CC=CC(C)C(O)C(C)C(C)OC(=O)CC(O)CC(O)CCC(O)C(O)CC(O)CC3(O)CC(O)C(C(=O)O)C(C2)O3)C(O)C(N)C1O,0.9230769230769232,0.7701149425287356,1089,1
CC1C=CC=CC=CC=CC=CC=CC=CC(OC2IC(C)C(O)C(N)C2O)CC2OC(O)(CC(O)CC(O)C(O)CCC(O)CC(O)CC(=O)OC(C)C(C)C1O)CC(O)C2C(=O)O,0.9423076923076924,0.7931034482758621,1090,1
CC1C=CC=CC=CC=CC=CC=CC=CC(OC2OC(C)C(O)C(N)C2O)CC2OC(O)(CC(O)CC(O)C(O)=CC(O)CC(O)CC(=O)OC(C)C(C)C1O)CC(O)C2C(=O)O,0.92,0.8045977011494253,1092,1
CC1C=CC=CC=CC=CC=CC=CC=CC(OC2OC(C)C(O)C(N)C2O)CC2OC(O)(CC(O)CC(O)C(OO)CC(O)CC(O)CC(=O)OC(C)C(C)C1O)CC(O)C2C(=O)O,0.903846153846154,0.8452380952380952,1095,1
CC1C=CC=CC=CC=CC=CC=CC=CC(OC2OC(C)C(O)C(N)C2O)CC2OC(O)(CC(O)CC(OCCCO)CCC(O)CC(O)CC(=O)OC(C)C(C)C1O)CC(O)C2C(=O)O,0.9074074074074074,0.8111111111111111,1096,1
CCC(=O)OC1C(OC2C(C)C(OC3CC(C)(OC)C(O)C(C)O3)C(C)C(=O)OC(CC)C(C)(O)C(O)C(C)C(=O)C(C)CC2(C)O)OC(C)C1N(C)C,0.9272727272727272,0.8352941176470589,1099,1
CCC(=O)OC1CC(=O)OC(C)CC=CC=CC(O)C(C)CC(CC=O)C(OC2OC(C)C(CC3CC(C)(O)C(OC(=O)CC)C(C)O3)C(N(C)C)C2O)C1OC,0.9615384615384616,0.8333333333333334,1100,1
C=C1c2cccc(O)c2C(=O)c2c(O)c3c(c(O)c21)C(OC1CC(N(C)C)C(O)C(C)O1)C(O)(CC)CC3OC1CC(N(C)C)C(OC2CC3OC4CC(=O)C(C)OC4OC3C(C)O2)C(C)O1,0.935483870967742,0.8421052631578947,1104,1
CCC1(O)CC2CN(CCc3c([nH]c4ccccc34)C(C(=O)OC)(c3cc4c(cc3OC)N(C)C3C(O)(C(N)=O)C5CCN6CCC43C6C(C)(CC)CO5)C2)C1,0.9375,0.7027027027027027,1106,1
CCNc1cc(OC)c2cc1C13CCN4CC=CC(CC)(COC5CC6CN(CCc7c([nH]c8ccccc78)C2(C(=O)OC)C1C5(C)C(N)=O)CC(O)(CC)C6)C43,0.8641975308641975,0.5901639344262295,1107,1
CCC1CC(OC2C(C)CC(OC3C(C)=CCC4CC(CC5(CCC(C)C(C(C)C)O5)O4)OC(=O)C4C=C(C)C(O)C5OCC(=CC=CC3C)C45O)CC2OC)OC(C)C1O,0.9622641509433962,0.2550335570469799,1109,1
CCC1NC(=O)C(NC(=O)c2ncccc2O)C(C)OC(=O)C(c2ccccc2)NC(=O)C2CC(=O)CCN2C(=O)C(Cc2ccc(N(C)C)cc2)N(C)C(=O)C2CCC[N+]12[O-],0.8690476190476191,0.7685185185185185,1110,1
CCC1OC(=O)C(C)C(OC2CC(C)(OC)C(O)C(C)O2)C(C)C(OC2OC(C)CC(N(C)C)C2O)C(C)(O)CC(C)C(O)=COC(C)C(O)C1CC,0.9090909090909092,0.7640449438202247,1117,1
CCC1OC(=O)C(C)C(OC2CC(C)(OC)C(O)C(C)O2)C(C)C(OC2OC(C)CC(N(C)C)C2O)C(C)(O)CC(C)C(=COC(C)OC)C(C)C(O)C1(C)O,0.9285714285714286,0.7916666666666666,1118,1
CCC1OC(=O)C(C)C(OC2CC(C)(OC)C(O)C(C)O2)C(C)C(OC2OC(C)CC(N(C)C)C2O)C(C)(O)CC(C)C(=COCOC)C(O)C1(C)O,0.8852459016393442,0.8191489361702128,1120,1
CCC1OC(=O)C(C)C(OC2CC(C)(OC)C(O)C(C)O2)C(C)C(OC2OC(C)CC(N(C)C)C2O)C(C)(O)CC(C)C(=COCOC)CCOCC1(CCCO)C(C)O,0.8615384615384616,0.7727272727272727,1121,1
CCCOCOC=C1OCC(CCO)C(CC)OC(=O)C(C)C(OC2CC(C)(OC)C(O)C(C)O2)C(C)C(OC2OC(C)CC(N(C)C)C2O)C(C)(O)CC1C,0.890625,0.7142857142857143,1122,1
CCOOCCOCOC=C1C(C)CC(C)(O)C(OC2OC(C)CC(N(C)C)C2O)C(C)C(OC2CC(C)(OC)C(O)C(C)O2)C(C)C(=O)OC(CC)C(C)C1O,0.8636363636363636,0.8421052631578947,1124,1
CCC1OC(=O)C(C)C(OC2CC(C)(OC)C(O)C(C)O2)C(C)C(OC2OC(C)CC(N(C)C)C2O)C(C)(O)CC(C)C(=COCOCCOC)C(C)C(O)C1C,0.875,0.8421052631578947,1125,1
CCC1COCCCCCC(O)CCOCC(=N)C(C)CC(C)(O)C(OC2OC(C)CC(N(C)C)C2O)C(C)C(OC2CC(C)(OC)C(O)C(C)O2)C(C)C(=O)O1,0.875,0.6530612244897959,1128,1
CCC(C)ON=C1OC(C)(O)C(CC)OC(=O)C(C)C(OC2CC(C)(OC)C(O)C(C)O2)C(C)C(OC2OC(C)CC(N(C)C)C2O)C(C)(O)CC1C,0.9206349206349206,0.7173913043478259,1129,1
CCC(OCO)OCON=C1C(C)CC(C)(O)C(OC2OC(C)CC(N(C)C)C2O)C(C)C(OC2CC(C)(OC)C(O)C(C)O2)C(C)C(=O)OC(CC)C(C)(O)C1C,0.927536231884058,0.8125,1131,1
CCCCOCON=C1SCCC(O)(CC)C(CC)OC(=O)C(C)C(OC2CC(C)(OC)C(O)C(C)O2)C(C)C(OC2OC(C)CC(N(C)C)C2O)C(C)(O)CC1C,0.8888888888888888,0.7619047619047619,1134,1
CCC1OC(=O)C(C)C(OC2CC(C)(OC)C(O)C(C)O2)C(C)C(OC2OC(C)CC(N(C)C)C2O)C(C)(O)CC(C)C(=NOCOCCOCOC(C)COO)C1(C)Cl,0.8904109589041096,0.7549019607843137,1140,1
CCC1OC(=O)C(C)C(OC2CC(C)(OC)C(O)C(C)O2)C(C)C(OC2OC(C)CC(N(C)C)C2O)C(C)(O)CC(C)C(=O)C(C)CCOC1(C)O,0.9491525423728814,0.7976190476190477,1143,1
CCC1OC(=O)C(C)C(OC2CC(C)(OC)C(O)C(C)O2)C(C)C(OC2OC(C)CC(N(C)C)C2O)C(C)(O)CC(C)C(COCOC)CCOCC1(CCCO)C(C)O,0.9032258064516128,0.7727272727272727,1145,1
CCC1OC(=O)C(C)C(OC2CC(C)(OC)C(O)C(C)O2)C(C)C(OC2OC(C)CC(N(C)C)C2O)C(C)(O)CC(C)C(NNOCOCCOC)C(C)C(O)C1(C)O,0.8666666666666667,0.8333333333333334,1146,1
CCC1CC(O)C(C)C(O)C(C)CC(C)(O)C(OC2OC(C)CC(N(C)C)C2O)C(C)C(OC2CC(C)(OC)C(O)C(C)O2)C(C)C(=O)O1,0.9622641509433962,0.7619047619047619,1147,1
CCC1OC(=O)C(C)C(OC2CC(C)(OC)C(O)C(C)O2)C(C)C(OC2OC(C)CC(N(C)C)C2O)C(C)(O)CC(C)C(ONOCOCCOC)C(C)C(O)C1(C)O,0.9154929577464788,0.8333333333333334,1148,1
CCC1OC(=O)C(C)C(OC2CC(C)(OC)C(O)C(C)O2)C(C)C(OC2OC(C)CC(N(C)C)C2O)C(C)(O)CC(C)CC(C)C(C)C(O)C1(C)O,0.9622641509433962,0.8214285714285714,1149,1
CCC1OC(=O)C(C)C(OC2CC(C)(OC)C(O)C(C)O2)C(C)C(OC2OC(C)CC(N(C)C)C2O)C(C)(O)CC(C)CC(C)C(C)C(O)C1CCO,0.9333333333333332,0.8409090909090909,1150,1
CCC1OC(=O)C(C)C(OC2CC(C)(OC)C(O)C(C)O2)C(C)C(OC2OC(C)CC(N(C)C)C2O)C(C)(O)CC(C)CC(NOCOCCOC)C(C)C(O)C1(C)O,0.9014084507042254,0.8041237113402062,1152,1
CCC1OC(=O)C(C)C(OC2CC(C)(OC)C(O)C(C)O2)C(C)C(OC2OC(C)CC(N(C)C)C2O)C(C)(O)CC(C)CN(C)CCCC(O)C1C,0.9016393442622952,0.8390804597701149,1156,1
CCC1OC(=O)C(C)C(OC2CC(C)(OC)C(O)C(C)O2)C(C)C(OC2OC(C)CC(N(C)C)C2O)C(C)(O)CC(C)CN(N)C(C)C(O)C1O,0.8888888888888888,0.8235294117647058,1158,1
CCC1OC(=O)C(C)C(OC2CC(C)(OC)C(O)C(C)O2)C(C)C(OC2OC(C)CC(N(C)C)C2O)C(C)(O)CC(C)CN=COC(C)C(O)C1CCO,0.8695652173913043,0.8043478260869565,1160,1
CCC1OC(=O)C(C)C(OC2CC(C)(OC)C(O)C(C)O2)C(C)C(OC2OC(C)CC(N(C)C)C2O)C(C)(OCCC(C)C(=NO)OCCOC)C(C)C(O)C1(C)O,0.8888888888888888,0.6509433962264151,1162,1
CCC1CCC(=NOCOCCOC)C(C)CC(C)(O)C2CC(C)OC(OC(O)C(C)C(OC3CC(C)(OC)C(O)C(C)O3)C(C)C(=O)O1)C(O)CCN2C,0.8888888888888888,0.5128205128205128,1163,1
CCC1OC(=O)C(C)C(OC2CC(C)(OC)C(O)C(C)O2)C(C)CCOC2OC(C)CC(N(C)C)C2OOC(C)(O)CC(C)C(=NOCOCCOC)C(C)C(O)C1(C)OO,0.9154929577464788,0.7757009345794392,1164,1
CCC1OC(=O)C(C)C(OC2CC(C)(OC)C(O)C(C)O2)C(C)CCOC2OC(C)CC(N(C)C)C2OCC(C)(O)CC(C)C(=NOCOCCOC)C(C)C(O)C1(C)O,0.9565217391304348,0.85,1165,1
CCC1OC(=O)C(C)C(OC2CC(C)(OC)C(O)C(C)O2)C(C)CCOC2OC(C)OC(N(C)C)C2OCC(C)(O)CC(C)C(=NOCOCCOC)C(C)C(O)C1(C)O,0.9295774647887324,0.85,1166,1
CCN(CC)C(C)=NN=Cc1c2c(O)c3c(O)c(C)c4c(c3c1O)C(=O)C4(C)OC=CC(OC)C(C)C(OC(C)=O)C(C)C(O)C(C)C(O)C(C)C=CC=C(C)C(=O)N2,0.945945945945946,0.8282828282828283,1171,1
CCN(CC)C(C)=NN=Cc1c2c(O)c3c(O)c(C)c4c(c3c1O)C(=O)C(C)(OC=CC(OC)C(C)C(OC(C)=O)C(C)C(O)C(C)C(O)C(C)C=CC=C(C)C(CO)N2)O4,0.9078947368421052,0.8333333333333334,1172,1
CCN(CC)C(C)=NN=Cc1c2c(O)c3c(O)c(C)c4c(c3c1O)C(=O)C(C)(OC=CC(OC)C(C)C(OC(C)=O)C(C)C(O)C(C)C(O)C(C)CCC=C(C)C(=O)N2)O4,0.9230769230769232,0.8217821782178217,1173,1
CC(=O)C(NC(=O)C1CC(O)C2(O)C(=O)C3=C(O)c4c(O)cccc4C(N)(O)C3CC2C(N(C)C)C1=O)N1CCN(CCO)CC1,0.9375,0.7882352941176469,1175,1
CN(C)C1C(=O)C(C(=O)NC(C(=O)O)N2CCN(CCO)CC2)=C(O)C2(O)C(OO)C3=C(O)c4c(O)cccc4C(C)(O)C3CC12,0.9506172839506172,0.7882352941176469,1176,1
CN(C)C1C(=O)C(C(=O)NC(C(=O)O)N2CCN(CCO)CC2)C(O)C2(O)C(OO)C3=C(O)c4c(O)cccc4C(C)(O)C3CC12,0.9506172839506172,0.8295454545454546,1177,1
CN(C)C1C(=O)C(C(=O)NC(C(=O)O)N2CCN(CCO)CC2)CC(O)C2(O)C(=O)C3CC(O)c4c(O)cccc4C(C)(O)C3CC12,0.935897435897436,0.7831325301204819,1179,1
CN(C)C1C(=O)C(C(=O)NC(C(=O)O)N2CCN(CCO)CC2)OC(O)C2(O)C(OO)C3=C(O)c4c(O)cccc4C(C)(O)C3CC12,0.927710843373494,0.8295454545454546,1180,1
CN(C)C1C(=O)C(C(=O)NCN2CCCC(C(=O)O)C2)CC(O)C2(O)C(=O)C3=C(O)c4c(O)cccc4C(C)(O)C3CC12,0.96,0.7857142857142857,1181,1
CN(C)C1C(=O)C(C(=O)NCN2CCCC(C(=O)O)C2)OC(O)C2(O)C(=O)C3=C(O)c4c(O)cccc4C(C)(O)C3CC12,0.96,0.7857142857142857,1182,1
COC1C2CC(O)c3c(O)cccc3C(C)(O)C2CC2C(N(C)C)C(=O)C(C(=O)NCN3CCN(CCO)CC3)=C(O)C21O,0.9615384615384616,0.6404494382022472,1185,1
CN(C)C1C(=O)C(C(=O)NCN2CCN(CCO)CC2)=C(O)C2(O)C(OO)C3=C(O)c4c(O)cccc4C(C)(O)C3CC12,0.95,0.7882352941176469,1186,1
CN(C)C1C(=O)C(C(=O)NCN2CCN(CCO)CC2)CC(O)C2(O)C(=O)C3CC(O)c4c(O)cccc4C(C)(O)C3CC12,0.935064935064935,0.7831325301204819,1189,1
COC1C2C(O)c3c(O)cccc3C(C)(O)C2CC2C(N(C)C)C(=O)C(C(=O)NCN3CCN(CCO)CC3)CC(O)C21O,0.9230769230769232,0.6818181818181818,1190,1
CN(C)C1C(=O)C(C(=O)NCN2CCN(CCO)CC2)CC(O)S2(O)C(=O)C3=C(O)c4c(O)cccc4C(C)(O)C3CC12,0.8636363636363636,0.7073170731707317,1191,1
CN(C)C1C(=O)C(C(=O)NCNC(C(=O)NC2C(=O)N3C2SC(C)(C)C3C(=O)O)c2ccccc2)=C(O)C2(O)C(=O)C3CC(O)c4c(O)cccc4C(C)(O)C3CC12,0.95,0.7525773195876289,1192,1
CN(C)C1C(=O)C(C(=O)NCNC(C(=O)NC2C(=O)N3C2SC(C)(C)C3C(=O)O)c2ccccc2)=C(O)C2(O)C(OO)C3=C(O)c4c(O)cccc4C(C)(O)C3CC12,0.9506172839506172,0.7075471698113207,1193,1
CN(C)C1C(=O)C(C(=O)NCNC(C(=O)NC2C(=O)N3C2SC(C)(C)C3C(=O)O)c2ccccc2)CC(O)C2(O)C(=O)C3CC(O)c4c(O)cccc4C(C)(O)C3CC12,0.9012345679012346,0.7525773195876289,1194,1
CN(C)C1C(CO)C(C(=O)NCNC(C(=O)NC2C(=O)N3C2SC(C)(C)C3C(=O)O)c2ccccc2)CC(O)C2(O)C(OO)C3=C(O)c4c(O)cccc4C(C)(O)C3CC12,0.8850574712643678,0.7075471698113207,1195,1
COC1C2C(O)c3c(O)cccc3C(C)(O)C2CC2C(N(C)C)C(OO)C(C(=O)NCN3CCN(CCO)CC3)=C(O)C21O,0.925,0.6818181818181818,1196,1
COC1C=COC2(C)Oc3c(C)c(O)c4c(O)c(c(C=NN5CCN(C)CC5)c(C)c4c3C2=O)NC(=O)C(C)=CC=CC(C)C(O)C(C)C(O)C(C)C(OC(C)CO)C1C,0.9382716049382716,0.82,1199,1
COC1C=COC2(C)Oc3c(C)c(O)c4c(O)c(c(C=NN5CCN(C)CC5)c(C)c4c3C2=O)NC(=O)C(C)=CCOCC(C)C(O)C(C)C(O)C(C)C(CC(C)=O)C1C,0.9156626506024096,0.7547169811320755,1200,1
COC1C=COC2(C)Oc3c(C)c(O)c4c(O)c(c(C=NN5CCN(C)CC5)c(O)c4c3C2=O)NC(CO)C(C)=CC=CC(C)C(O)C(C)C(O)C(C)C(CC(C)=O)C1C,0.891566265060241,0.8252427184466019,1213,1
COC1C=COC2(C)Oc3c(C)c(O)c4c(c3C2=O)C(=O)C(=CNN2CCN(C)CC2)C(=C4O)NC(=O)C(C)=CC=CC(C)C(O)C(C)C(O)C(C)C(OC(C)CO)C1C,0.951219512195122,0.7920792079207921,1217,1
COC1C=COC2(C)Oc3c(C)c(O)c4c(c3C2=O)C(=O)C(OCNN2CCN(C)CC2)C(=C4C)NC(=O)C(C)=CC=CC1(C)CCC(O)C(C)C(C)C(C)COC(C)=O,0.8837209302325582,0.6083333333333333,1218,1
COC1C=COC2(C)Oc3c(C)c(O)c4c(c3C2=O)C(=O)C(OCNN2CCN(C)CC2)C(=C4O)NC(=O)C(C)=CC=CC(C)C(O)C(C)C(C)C(C)C1(C)OC(C)=O,0.9285714285714286,0.6083333333333333,1219,1
C=CCN(CC)CC(=O)Nc1cccc(C)c1,0.8684210526315791,0.775,1220,1
C=CCN(CC)CC(=O)Nc1ccccc1C,0.9210526315789472,0.7631578947368421,1221,1
CC(=O)C1CCCN(CCOc2ccccc2)C1,0.902439024390244,0.66,1222,1
CC(=O)CCN1CCN(CCOc2ccccc2)CC1,0.8837209302325582,0.5952380952380952,1223,1
CC(=O)NC(C)C(=O)N1CCCC1C(=O)NCC(C)C,0.86,0.5357142857142857,1224,1
CC(=O)NC(Cc1ccccc1)C(=O)N1CCCC1C(=O)O,0.9,0.7647058823529411,1225,1
CC(=O)NC(Cc1ccccc1)C(=O)N1CCCC1CO,0.8823529411764706,0.7346938775510204,1226,1
CC(=O)OC1CCC(C)C2C(O)CC3CC=C4CC(O)(CCC42O)C(C)(C)CCC3CC1,0.8837209302325582,0.26582278481012656,1228,1
CC(C)CC(N)Cc1ccc(O)cc1,0.875,0.42105263157894735,1229,1
CC(C)CC(NC(=O)C1CCCN1C(=O)C(N)Cc1ccccc1)C(=O)O,0.8846153846153846,0.8148148148148148,1230,1
CC(C)CC(NC(=O)CNC(=O)C1CCCN1C(C(N)=O)c1ccccc1)C(=O)NCc1ccccc1,0.9230769230769232,0.5223880597014925,1231,1
CC(C)CCNC(=O)C1CCCN1C(=O)C(C)NC(=O)c1ccccc1,0.9019607843137256,0.7307692307692307,1232,1
CC(C)CNC(=O)C1CCCN1CCCNC(=O)c1ccccc1,0.8627450980392157,0.5084745762711864,1234,1
CC(CCN1CCCCC1)Oc1ccccc1,0.8974358974358975,0.7297297297297297,1237,1
CC(CCN1CCOCC1)Oc1ccccc1,0.8809523809523809,0.7297297297297297,1238,1
CC(Cc1ccc(O)cc1)NC(c1ccccc1)c1ccccc1,0.8695652173913043,0.42105263157894735,1240,1
CC1=CC(=O)Oc2c(Cc3ccccc3)cccc21,0.9,0.5897435897435898,1242,1
CC1=CC(=O)c2cc(O)ccc2O1,0.9565217391304348,0.4594594594594595,1244,1
CC1CCCN(CCNC(=O)NS(=O)(=O)c2ccccc2)CC1,0.8714285714285714,0.5306122448979592,1245,1
CCC(C)CNC(=O)C1CCCN1C(=O)CNC(=O)CNC(=O)c1ccccc1,0.8846153846153846,0.6190476190476191,1247,1
CCC(C)NC(=O)NS(=O)(=O)c1ccccc1,0.8771929824561403,0.5897435897435898,1248,1
CCC(Cc1ccccc1)NO,0.88,0.4838709677419355,1249,1
CCC(NC(=O)C1CCCN1C(=O)C(N)Cc1ccccc1)C(=O)O,0.8653846153846154,0.8148148148148148,1250,1
CCCC(NC(=O)C1CCCN1C(C)=O)C(=O)NCc1ccccc1,0.8653846153846154,0.6271186440677966,1251,1
CCCCC(=O)OC1CCN(Cc2ccccc2)CC1,0.925,0.7619047619047619,1252,1
CCCCC(C)N(CCOc1ccccc1)Cc1ccccc1,0.8717948717948718,0.6666666666666666,1253,1
CCCCC(COc1ccccc1)N(C)Cc1ccccc1,0.8717948717948718,0.8378378378378378,1254,1
CCCCCN(CCOc1ccccc1)CCc1ccccc1,0.8684210526315791,0.7631578947368421,1258,1
CCCCN(C)C(COc1ccccc1)Cc1ccccc1,0.8717948717948718,0.627906976744186,1261,1
CCCCN(CCCC)CC(=O)Nc1ccccc1C,0.8780487804878049,0.7297297297297297,1262,1
CCCCN(Cc1ccccc1)C(C)COc1ccccc1,0.8947368421052632,0.8333333333333334,1263,1
CCCCNC(=O)NS(=O)(=O)c1ccccc1C,0.9661016949152542,0.7380952380952381,1267,1
CCCCNC(=O)Nc1cccc(S(=O)(=O)NCc2ccccc2)c1,0.8709677419354839,0.66,1268,1
CCCN(CCCCCCCCC(=O)OCc1ccccc1)S(=O)(=O)c1ccccc1,0.8771929824561403,0.6511627906976745,1272,1
CCCN1C(=O)N(CCCN2CCCCC2)C(=O)c2nc[nH]c21,0.890625,0.36507936507936506,1273,1
CCCNC(=O)NCc1ccc(S(N)(=O)=O)cc1,0.8833333333333333,0.6818181818181818,1275,1
CCCNCC(O)COc1ccccc1C,0.875,0.7317073170731707,1277,1
CCCS(=O)(=O)NC(=O)NCc1ccccc1,0.8813559322033898,0.4878048780487805,1280,1
CCCc1ccc(CCNCC(O)COc2ccccc2)cc1,0.8723404255319149,0.8333333333333334,1281,1
CCCc1ccccc1OCC(O)CNCc1ccccc1,0.8723404255319149,0.6,1282,1
CCN(C)CC(=O)Nc1ccccc1C,0.9473684210526316,0.7647058823529411,1284,1
CCN(CC#N)CC(=O)Nc1ccccc1,0.8648648648648649,0.7428571428571429,1285,1
CCN(CC(=O)NC(C)C)c1ccccc1,0.8947368421052632,0.6764705882352942,1286,1
CCN(CC(=O)NC(C)c1ccccc1C)c1ccccc1,0.9230769230769232,0.675,1287,1
CCN(CC(=O)NC)c1ccccc1C,0.9473684210526316,0.7027027027027027,1288,1
CCN(CC(=O)Nc1cc(C)ccc1C)C(=O)c1ccccc1,0.9,0.7857142857142857,1290,1
CCN(CC(=O)Nc1ccc(C)c(C)c1)Cc1ccccc1,0.9473684210526316,0.7441860465116279,1291,1
CCN(CC(=O)Nc1ccc(N(C)C)cc1C)Cc1ccccc1,0.9,0.7173913043478259,1294,1
CCN(CC(=O)Nc1ccccc1)Cc1ccccc1C,0.9210526315789472,0.85,1301,1
CCN(CC(=O)Nc1ccccc1C(C)(C)C)c1ccccc1,0.8780487804878049,0.6829268292682927,1303,1
CCN(CC(=O)Nc1ccccc1C)C(=O)c1cccc(C)c1,0.9,0.8048780487804879,1305,1
CCN(CC(=O)Nc1ccccc1C)C(C)=O,0.9473684210526316,0.7567567567567568,1308,1
CCN(CC(=O)Nc1ccccc1C)c1ccc(C(C)C)cc1,0.9230769230769232,0.7560975609756098,1311,1
CCN(CC(=O)Nc1ccccc1C)c1cccc(C)c1C,0.9230769230769232,0.8157894736842105,1313,1
CCN(CC)CC(=O)Nc1cccc(C(C)=O)c1,0.8717948717948718,0.7105263157894737,1316,1
CCN(CC)CC(=O)Nc1ccccc1Cl,0.875,0.6944444444444444,1319,1
CCN(CC)c1ccccc1CN(C)CC(N)=O,0.8780487804878049,0.5263157894736842,1320,1
CCN1CCN(CC(O)CN2C(=O)CCC2=O)CC1,0.8909090909090909,0.2830188679245283,1323,1
CCOC(=O)C1=C(O)c2ccccc2OC1=O,0.9411764705882352,0.6428571428571429,1325,1
CCOC(=O)C1CCCN(CCCOc2ccccc2)C1,0.902439024390244,0.75,1326,1
CCOC(=O)C1CCCN1C(=O)CNC(=O)Cc1CCCCC1C(=O)O,0.903846153846154,0.4428571428571429,1327,1
CCOC(=O)CNC(=O)C1CCCN1C(=O)CCC(=O)NCc1ccccc1,0.9230769230769232,0.7777777777777778,1328,1
CCOC(=O)CNC(=O)C1CCCN1C(=O)c1ccccc1,0.8846153846153846,0.7307692307692307,1330,1
CCOCC1CCCN(C(=O)CCCCOc2ccccc2)C1,0.8636363636363636,0.5740740740740741,1331,1
CCOc1ccccc1COC1CCN(C)CC1,0.8636363636363636,0.575,1332,1
CCc1cc(NC(=O)CN(CC)c2ccccc2)ccc1C,0.9473684210526316,0.7073170731707317,1333,1
CN(C)C(=O)c1cccc(N2CCC(O)(Cc3ccccc3)CC2)c1,0.8727272727272727,0.31666666666666665,1335,1
CN(C)CCC(c1ccccc1)c1cccnc1,0.9655172413793104,0.6285714285714286,1336,1
CN(C)CCC(c1ccccc1)c1ncccn1,0.8787878787878788,0.6285714285714286,1337,1
CN(C)CCNC(=O)C1CCCN1C(=O)C(NC(=O)C(N)Cc1cccc(C(=O)NCC2CCCCCC2)c1)c1ccccc1,0.8727272727272727,0.4666666666666667,1338,1
CNC(Cc1ccccc1)C(=O)OC(C)C(=O)N1CCCC1CO,0.8727272727272727,0.6851851851851852,1342,1
CNCC(O)=Cc1ccccc1O,0.8787878787878788,0.2972972972972973,1343,1
COC(=O)C(Cc1ccccc1)NC(=O)C1CCCN1C(=O)C1CCCN1,0.8679245283018868,0.5873015873015873,1344,1
COc1ccc(CC(=O)N2CCN(C(=O)C3CCN(CC4CCCCC4C)C3)CC2)cc1,0.8813559322033898,0.42857142857142855,1345,1
COc1cccc(C(=O)c2ccccc2)c1N(=O)=O,0.8695652173913043,0.5454545454545454,1346,1
COc1cccc(C(=O)c2ccccc2N(=O)=O)c1O,0.8913043478260869,0.5454545454545454,1347,1
COc1ccccc1CCNC(=O)CCNc1ncccn1,0.8620689655172413,0.8,1349,1
COc1ccccc1CCNC(=O)NS(=O)(=O)c1ccccc1,0.8783783783783784,0.6046511627906976,1350,1
COc1ccccc1CN1CCN(C(=O)CCCC(=O)O)CC1,0.8666666666666667,0.4230769230769231,1352,1
COc1ccccc1CNC(=O)CCNc1ncccn1,0.8620689655172413,0.8,1353,1
COc1ccccc1NC(=O)CCNc1ncccn1,0.875,0.7391304347826086,1354,1
COc1ccccc1NC(=O)CN1CCC(N)C1,0.8620689655172413,0.5,1355,1
COc1ccccc1NC1CCN(C(=O)Cc2ccccc2)C1,0.8620689655172413,0.4727272727272727,1356,1
COc1ccccc1OCCCNCC(O)c1ccccc1,0.875,0.5,1357,1
Cc1ccc(C)c(S(=O)(=O)NC(=O)NCCc2ccccc2)c1,0.8852459016393442,0.7045454545454546,1358,1
Cc1ccc(C2=CC(=O)Oc3ccccc32)cc1,0.9,0.7741935483870968,1359,1
Cc1ccc(S(=O)(=O)NC(=O)NN2CCCCC2)cc1,0.9545454545454546,0.725,1360,1
Cc1ccc2c(c1)c1ccccc1OC2=O,0.9473684210526316,0.6551724137931034,1361,1
Cc1cccc(C(=O)O)c1O,0.95,0.64,1362,1
Cc1cccc(C(C)N(CC(=O)Nc2ccccc2)Cc2ccccc2C)c1,0.9210526315789472,0.7,1363,1
Cc1ccccc1C(=O)NCC(=O)N1CCCC1C(=O)NC(CC(C)C)c1ccccc1,0.8679245283018868,0.7966101694915254,1364,1
Cc1ccccc1CN(CC(=O)Nc1ccccc1)C(c1ccccc1)c1ccccc1,0.8684210526315791,0.7674418604651163,1366,1
Cc1ccccc1NC(=O)CN(Cc1ccccc1)C(C)C,0.8974358974358975,0.7317073170731707,1372,1
Cc1ccccc1NC(=O)CN1CCC(O)CC1,0.875,0.5,1373,1
Cc1ccccc1NN=C1NCCN1,0.902439024390244,0.5,1375,1
Cc1ccccc1Nc1ccc(C(=O)O)cc1,0.875,0.7272727272727273,1376,1
Cc1ccccc1Nc1ccc(C(=O)O)cc1Cl,0.925925925925926,0.7222222222222222,1377,1
Cc1ccccc1Nc1ccc(Cl)c(C(=O)O)c1,0.925925925925926,0.7179487179487181,1378,1
Cc1ccccc1Nc1cccc(C(=O)O)c1,0.875,0.6857142857142857,1380,1
Cc1ccccc1OCC(O)CNCCc1ccccc1,0.8936170212765957,0.7317073170731707,1382,1
N=C(N)N1CCCCN(Cc2ccccc2)CC1,0.8717948717948718,0.4150943396226415,1383,1
N=C(N)NCCCC(c1ccccc1)N1CCCCCCC1,0.9210526315789472,0.4418604651162791,1384,1
N=C(N)NCCCN1CCNCC1,0.875,0.6774193548387096,1386,1
N=C(N)NN=Cc1cccc(Cl)c1,0.8888888888888888,0.39130434782608703,1388,1
NC(N)=NCCCCCNCCCN1CCCCCC1,0.8947368421052632,0.5,1389,1
NC(N)=[N+]1CCCCCCC1,0.8648648648648649,0.2307692307692308,1390,1
NCCc1ccccc1O,0.8666666666666667,0.7391304347826086,1391,1
Nc1nc(Nc2ccccc2)nc2ccccc12,0.8709677419354839,0.5483870967741935,1393,1
Nc1ncnc2nnncc12,0.875,0.5517241379310345,1394,1
O=C(Cn1ccnc1)OCc1ccccc1Cl,0.8780487804878049,0.3207547169811321,1395,1
O=C(NCCCc1ccccc1)NS(=O)(=O)c1ccccc1,0.8813559322033898,0.7105263157894737,1396,1
O=C(NCCCn1cccc1)c1ccc(CN2CCNCC2)c(Cl)c1,0.8867924528301887,0.3333333333333333,1397,1
O=C(O)c1cc(Nc2ccccc2)ccc1Cl,0.8888888888888888,0.6666666666666666,1401,1
O=C(O)c1cccc(C(c2ccccc2)c2ccccc2)c1,0.9166666666666666,0.5517241379310345,1404,1
O=C(OCC(=O)N1CCN(Cc2cccc(Cl)c2)CC1)c1ccccc1,0.86,0.4150943396226415,1407,1
O=C1Cc2cccc3cccc(c23)O1,0.9,0.30952380952380953,1412,1
CC(=O)c1c(O)cccc1O,0.9,0.38461538461538464,1417,1
CC(c1cccnc1)N(C)CCc1ccccc1,0.9032258064516128,0.5365853658536586,1420,1
CCCCCCCCCCNC(=O)COC(=O)C1CCCN1C(=O)CNC(=O)c1ccccc1,0.8727272727272727,0.5362318840579711,1423,1
CCCCOC1CCCN(CCc2ccccc2)C1,0.875,0.7111111111111111,1429,1
CCCN(CCCCS(C)(=O)=O)S(=O)(=O)c1ccccc1,0.8727272727272727,0.8055555555555556,1430,1
CCN(CC(=O)Nc1ccc(C)cc1)Cc1ccccc1C,0.9473684210526316,0.85,1434,1
CCOc1ccccc1CNC(=O)C(Cc1ccccc1)NC(=O)C1CCCN1,0.8644067796610171,0.4861111111111111,1447,1
COc1ccccc1OCC1=NCCN1,0.8958333333333334,0.6410256410256411,1450,1
Cc1cccc(C(CCN(C)C)c2ccccn2)c1,0.9666666666666668,0.5476190476190477,1452,1
Cc1ccccc1CCNCC(O)COc1ccccc1,0.875,0.7272727272727273,1453,1
Nc1nncnc1Nc1ccccc1,0.8709677419354839,0.4090909090909091,1460,1
O=C(O)C1Cc2ccccc2OC1=O,0.8666666666666667,0.30952380952380953,1462,1
CC(=O)Nc1ccccc1N=C1NCCN1,0.8809523809523809,0.5277777777777778,1471,1
CC(=O)Nc1ccccc1NC1=NCCN1,0.8809523809523809,0.631578947368421,1472,1
CC(C)(Nc1ccccc1C(=O)O)c1ccccc1,0.8888888888888888,0.5454545454545454,1473,1
CC(C)CC(NC(=O)C(CCCNC(N)=O)NC(=O)C1CCCN1C(=O)c1ccccc1)C1CCCCC1,0.8888888888888888,0.6470588235294118,1474,1
CC(C)CC(NC(=O)C(Cc1ccc(O)cc1)NC(=O)CNCc1ccccc1)C(N)=O,0.8958333333333334,0.4383561643835616,1475,1
CC(C)CC(NC(=O)C1CCCN1C(=O)CNC(=O)c1ccccc1)c1ccccc1,0.8653846153846154,0.7966101694915254,1476,1
CC(C)CC(NC(=O)C1CCCN1C(=O)c1ccccc1)C(=O)NCCCN1CCCC1,0.8846153846153846,0.7894736842105263,1477,1
CC(C)CCNC(=O)C(CC(C)C)NC(=O)C1CCCN1C(=O)c1ccccc1,0.94,0.7894736842105263,1478,1
CC(CCCOc1ccccc1)N(CC=Cc1ccccc1)Cc1ccccc1,0.8684210526315791,0.6041666666666666,1481,1
CC(CCN(C)Cc1ccncc1)c1ccccc1,0.8709677419354839,0.4318181818181818,1482,1
CC(Cc1ccccc1)CN(CCCCCc1ccccc1)CCOc1ccccc1,0.8648648648648649,0.6,1484,1
CC(Cc1ccccc1)N(CCCCOc1ccccc1)Cc1ccccc1,0.8918918918918919,0.675,1485,1
CCC(COCc1ccccc1)CN1CCC(Oc2ccccc2)CC1,0.925,0.5555555555555556,1490,1
CCC1=CC(=O)Oc2cc(O)ccc21,0.92,0.6470588235294118,1491,1
CCCCCCCN1CCC(OC(=O)C(C)(C)c2ccccc2)CC1,0.8666666666666667,0.5744680851063829,1493,1
CCCCCOc1ccccc1CCCCCNC(Cc1ccccc1)C(=O)O,0.86,0.4833333333333333,1496,1
CCCCN1CCC(CCOc2ccccc2)CC1=O,0.8636363636363636,0.5833333333333334,1499,1
CCCCNC(=O)C1CCCN1C(=O)C(Cc1ccccc1)NC(C)C,0.8653846153846154,0.6119402985074627,1501,1
CCCCOc1ccccc1OCCN1CCCCC1,0.8604651162790697,0.7368421052631579,1505,1
CCCN(Cc1ccccc1)C(C)COc1cccc(Cc2cccc(C)c2)c1,0.8717948717948718,0.7045454545454546,1507,1
CCCN1C(=O)N(CC)C(=O)c2[nH]c(-c3ccccc3)nc21,0.9047619047619048,0.3818181818181817,1508,1
CCCNC(=O)NCCCNS(=O)(=O)c1ccccc1,0.8688524590163934,0.6842105263157895,1510,1
CCCNC(=O)Nc1ccc(S(N)(=O)=O)cc1,0.8833333333333333,0.6666666666666666,1511,1
CCCOCCOc1ccccc1CCCCCNCCCOc1ccccc1,0.8723404255319149,0.543859649122807,1512,1
CCN(CC(=O)Nc1ccc(C(C)C)cc1)C(C)=O,0.8717948717948718,0.7105263157894737,1516,1
CCN(CC(=O)Nc1ccc(C)cc1)c1ccccc1C,0.9230769230769232,0.8378378378378378,1519,1
CCN(CC(=O)Nc1cccc(C(=O)Nc2ccc(C)cc2C)c1)c1ccccc1,0.8780487804878049,0.68,1520,1
CCN(CC(=O)Nc1ccccc1C)C(C)(C)c1ccccc1,0.8780487804878049,0.6190476190476191,1530,1
CCN(CC(=O)Nc1ccccc1C)c1ccccc1C,0.9230769230769232,0.8157894736842105,1533,1
CCN(CC)CC(=O)N(CC)c1cc(C)ccc1C,0.8684210526315791,0.4318181818181818,1535,1
CCN(CCO)CC1CCC(C(=O)N2CCCC2)CN1C(=O)c1ccccc1,0.875,0.359375,1540,1
CCN(CCOc1ccccc1)C(C)Cc1ccccc1,0.8717948717948718,0.675,1541,1
CCOC(=O)C1=C(C)Oc2ccccc2C1=O,0.8857142857142857,0.6428571428571429,1545,1
CN(C)CCN(c1ccccc1)c1cccnc1,0.8787878787878788,0.5405405405405406,1546,1
CN(C)CCc1nccc2ccccc12,0.90625,0.4857142857142857,1550,1
COC1=CC(=O)Oc2ccccc21,0.88,0.59375,1551,1
COCC1CCCN1CC(NC(=O)c1ccccc1)C(=O)O,0.8727272727272727,0.5238095238095238,1552,1
COc1ccccc1CN(CCN1CCCC1CCc1ccccc1)CC(=O)Nc1ccccc1,0.8620689655172413,0.4393939393939394,1554,1
COc1ccccc1CNC(=O)Nc1cccc(S(=O)(=O)NC2CCCCCC2)c1,0.8815789473684209,0.4782608695652174,1555,1
Cc1ccc(NC(=O)CN(C)Cc2ccccc2C)cc1,0.875,0.7441860465116279,1556,1
Cc1ccccc1C=NNc1ncccc1C(=N)N,0.8787878787878788,0.2727272727272727,1558,1
Cc1ccccc1CN1CCC(C(=O)Nc2ccccc2)CC(O)C1,0.875,0.4137931034482759,1563,1
Cc1ccccc1CNC(=O)CCc1cc(N2CCCC2)ccc1O,0.8620689655172413,0.42105263157894735,1564,1
Cc1ccccc1S(=O)(=O)NC(=O)NCCCc1ccccc1,0.8688524590163934,0.7380952380952381,1567,1
NNc1ncnc2ncc(-c3ccccc3)cc12,0.9375,0.2888888888888889,1570,1
O=C1OC(c2ccccc2)=Cc2ccccc21,0.9473684210526316,0.4375,1580,1
O=C1c2ccccc2Oc2cc(O)ccc21,0.9130434782608696,0.6666666666666666,1581,1
CC(=O)OC1CCC2C3CCC4CC(=O)C4CCC(O)C(C)(C)C3C(O)CC12C,0.8604651162790697,0.32432432432432434,1585,1
CC(C)CC(NC(=O)c1ccccc1)C(=O)NC(Cc1ccccc1)C(=O)NC(Cc1ccccc1)C(=O)N1CCCC1C(=O)NC(CN1CCCC1)c1ccccc1,0.8679245283018868,0.6233766233766234,1586,1
CC(C)CC(NC(=O)c1ccccc1)C(=O)NCCCN1CCCC1,0.8627450980392157,0.6666666666666666,1587,1
CC(COc1cccc(CCCCCl)c1)N(C)Cc1ccccc1,0.8947368421052632,0.4901960784313725,1590,1
CC(NCC(NC(=O)c1ccc(O)cc1)C(C)C)C(=O)NC(Cc1ccccc1)C(=O)Cc1ccccc1,0.8936170212765957,0.38028169014084506,1591,1
CC(Nc1ccccc1C(=O)O)c1ccccc1,0.9583333333333334,0.7096774193548387,1592,1
CC1=CC(=O)Oc2c1ccc1ccccc21,0.9473684210526316,0.6,1593,1
CC1CN(C(=O)c2ccccc2)CC1C(=O)N1CCC(O)CC1,0.9074074074074074,0.4705882352941176,1597,1
CCC(C)NC(=O)C(Cc1ccccc1)NC(=O)C1CCCN1C(=O)CNC(=O)Cc1ccccc1,0.8679245283018868,0.6031746031746031,1598,1
CCC(NO)c1ccccc1,0.9166666666666666,0.4838709677419355,1599,1
CCCCNC(=O)N(C)S(=O)(=O)c1ccccc1,0.8833333333333333,0.5714285714285714,1603,1
CCCCOc1cccc(CN2CC=CCC2)c1,0.9,0.6818181818181818,1606,1
CCCCOc1ccccc1CCN1CCCCC1,0.8780487804878049,0.7804878048780488,1607,1
CCCCOc1ccccc1CN1CCOCC1,0.8636363636363636,0.7435897435897436,1608,1
CCCCOc1ccccc1CNCC(O)COCc1ccccc1,0.875,0.6346153846153846,1609,1
CCCN(Cc1ccccc1)C(C)COc1ccccc1,0.8947368421052632,0.8333333333333334,1610,1
CCCNC(=O)C(Cc1ccccc1)NC(=O)C1CCCN1C(=O)C(Cc1ccccc1)NC(=O)C(NC(=O)c1ccccc1)c1ccccc1,0.8653846153846154,0.6233766233766234,1611,1
CCN(C=O)CC(=O)Nc1cccc(C)c1C,0.9473684210526316,0.5957446808510638,1614,1
CCN(CC(=O)NCc1ccccc1C)c1cccc(C)c1,0.9,0.7857142857142857,1616,1
CCN(CC(=O)Nc1cc(C)ccc1C)Cc1cccc(C(=O)Nc2ccccc2)c1,0.8780487804878049,0.75,1618,1
CCN(CC(=O)Nc1cc(C)ccc1C)c1ccccc1,0.9473684210526316,0.75,1620,1
CCN(CC(=O)Nc1cc(C=O)ccc1C)c1ccccc1,0.875,0.7333333333333333,1621,1
CCN(CC(=O)Nc1cccc(-c2ccccc2C)c1)Cc1ccccc1,0.8974358974358975,0.7142857142857143,1623,1
CCN(CC(=O)Nc1cccc(C)c1)c1ccc(C)cc1,0.8947368421052632,0.8461538461538461,1624,1
CCN(CC(=O)Nc1ccccc1)c1ccccc1C,0.8974358974358975,0.8378378378378378,1631,1
CCN(CC(=O)Nc1ccccc1C(Cc1ccccc1)c1ccccc1)c1ccccc1,0.8947368421052632,0.6956521739130435,1634,1
CCN(CC(=O)Nc1ccccc1C)C(C)Cc1ccccc1,0.8780487804878049,0.7560975609756098,1637,1
CCN(CC(=O)Nc1ccccc1C=Cc1ccccc1)C(C)C,0.9,0.6304347826086957,1641,1
CCN(CC(=O)Nc1ccccc1Cc1ccccc1)C(C)C,0.9,0.6976744186046512,1642,1
CCN1C(C)=C(C(=O)O)C(=O)c2ccccc21,0.8888888888888888,0.5116279069767442,1647,1
CCOC(=O)C(C)(C)Oc1ccccc1,0.8666666666666667,0.36,1650,1
CCOC(=O)C(C)N1CCCC1C(=O)NCc1ccccc1,0.8846153846153846,0.5573770491803278,1651,1
CCOC(=O)C1CCCN1C(=O)C(Cc1ccccc1)NC(=O)CC(=O)O,0.8703703703703703,0.8148148148148148,1652,1
CCOc1ccccc1CCCCCCNCCCNCC(O)COc1ccccc1,0.86,0.7058823529411765,1654,1
CN(C)CCCCc1cnc2ccccc2c1,0.8787878787878788,0.8,1656,1
CN(C)CCN(CCc1ccccc1)Cc1ccccn1,0.8787878787878788,0.5675675675675675,1657,1
CN(C)CCOc1ccc(Cc2ccccc2)cc1,0.8717948717948718,0.8064516129032258,1658,1
CN(CCOc1ccccc1)C(c1ccccc1)C1CCCCCC1,0.8717948717948718,0.4666666666666667,1661,1
COc1cccc(CCNC(=O)Nc2ncccc2C)n1,0.875,0.34375,1665,1
COc1ccccc1OCC(O)COc1ccc(CCNCC(O)CO)cc1,0.86,0.6078431372549019,1666,1
Cc1cccc(NC(=O)CN(C)Cc2ccccc2C)c1,0.875,0.7441860465116279,1668,1
Cc1ccccc1C(c1ccc(Cl)cc1)n1ccnc1,0.9,0.2830188679245283,1669,1
Cc1ccccc1CNC1=NCCN1,0.875,0.5641025641025641,1674,1
Cc1ccccc1Nc1cc(C(=O)O)ccc1C,0.9166666666666666,0.7272727272727273,1676,1
Cc1ccccc1Nc1nc(N)nc2ccccc12,0.90625,0.4722222222222222,1678,1
Cc1ccccc1OC(C)C1=NCCN1,0.8695652173913043,0.4090909090909091,1679,1
N=C(N)NCCCN1CCCCCCCCCCCCCCNC1,0.8717948717948718,0.7058823529411765,1680,1
Nc1ncnc2cnncc12,0.8709677419354839,0.5517241379310345,1681,1
O=C(C1CCCN1CCCc1ccccc1)N1CCC(O)CC1,0.8679245283018868,0.7333333333333333,1682,1
O=C(CN1CCC2CCN(CCC(O)N2)CC1)c1ccccc1Cl,0.8688524590163934,0.3220338983050847,1683,1
O=C1C=C(c2ccccc2)c2ccccc2O1,0.9473684210526316,0.7741935483870968,1692,1
O=C1c2ccccc2Oc2c(O)cccc21,0.875,0.6296296296296297,1695,1
C=C1C(=O)C=C2CC3CCC2CC(=O)CC(C)C=CC3C2CCC(C(C)(O)CC(C)C)C1CCC2O,0.9047619047619048,0.2235294117647059,1697,1
C=C1C(=O)C=C2CCC3C4CC(C)C(O)(CCC4(C)C)C3(C)CCC12,0.8947368421052632,0.2769230769230769,1698,1
C=C1CCC2C3(O)CC(OC(=O)c4cccc(C)c4)C(C(=O)O)C3CC1(C)C2(C)C,0.9111111111111112,0.3114754098360656,1699,1
CC(=CCCC1(C)CCC(C)(C)C2(C)C1CC1CC(O)CC12C)CCC=CCCC(=O)OC(C)C,0.8809523809523809,0.2261904761904762,1700,1
CC(=O)N1CCCC1C(=O)NC(CCc1ccccc1)C(=O)OCc1ccccc1,0.8679245283018868,0.6271186440677966,1701,1
CC(=O)OC1C2C(CCC3=CC(=O)CCC32C)C2CCC(C)C(C)(O)C21,0.8636363636363636,0.459016393442623,1702,1
CC(=O)OC1CC(=O)C(CCCCC2C3OC(=O)CCCCCCCCCC(O)(CC2(C)CCC=C(C)CCC(C)(C)CCC=C(C)CCC=C(C)CCC=C(C)C)C(=O)C=C3C)C1C(=O)O,0.8695652173913043,0.23134328358208955,1703,1
CC(=O)OC1CC(C)(C)C2(C)CCC3C(CC(=O)C4(C)CCC(O)CCC34C)C2C1(C)C,0.8684210526315791,0.32432432432432434,1704,1
CC(=O)c1ccc(COC2=C(O)Oc3cc(O)ccc3C2=O)cc1,0.8888888888888888,0.4166666666666667,1705,1
CC(C)(C)C1CCC2CCC=C1C1=CC2(O)CCC1=O,0.8611111111111112,0.21875,1706,1
CC(C)(C)c1cccc(C(=O)C=Cc2ccc(OCCCN3CCC(C(C)(C)C)CC3)cc2)c1,0.8888888888888888,0.5384615384615384,1707,1
CC(C)=CCCC(C)(C)C1CCC2(C)C3CCC4CC(O)CCC4(C)C3CCC12C,0.8648648648648649,0.25,1708,1
CC(C)NCC(O)COc1ccccc1-c1ccccc1,0.8780487804878049,0.6585365853658537,1711,1
CC(C)NCCNc1nc2c(cc1NCCC1CCCCC1)C(=O)C(C(=O)O)=CN2c1ccc(F)cc1,0.9,0.3225806451612903,1712,1
CC(NC(=O)c1cc(Cl)c(Cl)c(Cl)c1)C(=O)N1Cc2ccccc2CC1C(=O)NC(Cc1ccccc1)C(O)CN1CCC(O)C1,0.8787878787878788,0.3636363636363637,1713,1
CC1(C)C2=CCCC3(C)C(O)CCC3(C)C2(C)CCC1O,0.8684210526315791,0.3673469387755102,1714,1
CC1(C)CC(=O)C2=C1CCC21CCCC(=O)O1,0.8918918918918919,0.1724137931034483,1715,1
CC1(C)CCC(=O)C2c3cc(O)ccc3CC21C,0.8787878787878788,0.288135593220339,1716,1
CC1(C)CCC2(C)C(CCC2(C)O)C1OC(=O)CC1CCCCC1,0.8684210526315791,0.29310344827586204,1717,1
CC1(C)CCC2C3CCC4(C)C(O)CCC4(C)C3=CCC21C,0.9166666666666666,0.3673469387755102,1718,1
CC1(C)c2ccccc2C(=N)N(c2ccccc2)C1c1nccnc1Cl,0.902439024390244,0.20689655172413796,1719,1
CC1(O)CCC2=C1C1C(CCC3CCC4C3C(CC(=O)O)CC4C(C)(C)O)C(C)(C)CCC1C2(C)C,0.9069767441860463,0.2195121951219512,1720,1
CC12CCC(=O)C=C1CC1C2CCC2(C)C(C(=O)O)CCC12,0.8684210526315791,0.4814814814814815,1721,1
CC12CCC(O)CC1=CCC1C2CCC2(C)C(OC(=O)CC(CO)CCC(=O)O)CCC12,0.9111111111111112,0.5,1722,1
CC12CCC(O)CC1=CCC1C2CCC2(C)C1CCC2C1(O)CCCCC1,0.8918918918918919,0.55,1723,1
CC1=C2CC(C)C3CCC(C)C(CC1)C2(O)CCC3=O,0.9142857142857144,0.25862068965517243,1724,1
CC1=CC(=O)C(C2CC=C3C2(C)CCC(C)C3(O)C(=O)O)=C(O)O1,0.8679245283018868,0.25675675675675674,1725,1
CC1=CC(=O)Oc2c(O)cccc21,0.9166666666666666,0.6,1726,1
CC1=CC(=O)Oc2cc(OCc3ccc(C(=O)O)cc3)c(O)cc21,0.8888888888888888,0.4489795918367347,1729,1
CC1=CC(=O)Oc2cc(Oc3cccc(C)c3)ccc21,0.88,0.6216216216216216,1730,1
CC1=CC2C3CCC(C(=O)O)C4(C)CCC(C)(O)C4(C)CCC3C2(C)C(=O)C1=O,0.8636363636363636,0.31343283582089554,1731,1
CC1=CN(C2CC(O)C(CO)O2)C(=O)N(C)C1=O,0.8787878787878788,0.24615384615384614,1732,1
CC1CCC2(C)C(=CCC3(C)C2CCC2C(C(=O)O)CC(=O)C23C)C1,0.8947368421052632,0.3230769230769231,1733,1
CC1CCC2(O)C3CC=C4CC(O)CCC4(C)C3CCC12C,0.9444444444444444,0.456140350877193,1734,1
CC1CCC2=CC3CCC4=CC(C(=O)O)CCC4(C)C3(O)CCC21C,0.8974358974358975,0.2714285714285714,1735,1
CC1CCC2C(C(=O)C=CCC(=O)O)C1C1(C)CCC3(C)CCC(O)CC3C21,0.8947368421052632,0.2469135802469136,1736,1
CC1CCC2C3=CC(=O)C=C4CC(O)CCC4(C)C3CCC12C,0.9444444444444444,0.3389830508474576,1737,1
CC1CCCC2C(CC(C)(C)O)CC(=O)C12CC=CCCCCCC(=O)O,0.9047619047619048,0.2727272727272727,1738,1
CC1OC(=O)C2(O1)C1CCC(C)C23C(=O)C=CC32CCC3OC(CO)C(O)(CC3O)C(O)C2C1C,0.8703703703703703,0.25555555555555554,1739,1
CCC(C)CC(C)C1CCC2C3CC=C4CC(O)CCC4(C)C3CCC12C,0.8648648648648649,0.7758620689655172,1740,1
CCC(C)CCCNC(=O)NCc1ccc(S(N)(=O)=O)cc1,0.8870967741935484,0.6818181818181818,1741,1
CCC1=C(C)c2cc(OCC(=O)Nc3ccc(C(=O)O)cc3)ccc2N=C1c1ccccc1,0.8867924528301887,0.3188405797101449,1742,1
CCCC1(CC)C(=O)CCC2(O)C3=CC(=O)C=C(C)C3(C)CCc21,0.8717948717948718,0.2463768115942029,1743,1
CCCC1(O)C=C(OC(C)=O)C(CC2=C(O)c3ccccc3C2=O)CC(C)(C)CC1,0.8695652173913043,0.24705882352941175,1744,1
CCCCC(NC(=O)C1CCCN1C(=O)C(Cc1ccccc1)NC(=O)C1CCCN1C(=O)C(N)C(C)C)C(N)=O,0.9230769230769232,0.6119402985074627,1745,1
CCCCC(O)CC(C)C1CCC2C3CC=C4CC(O)CCC4(C)C3CCC12C,0.8947368421052632,0.7758620689655172,1746,1
CCCCCC(C)C1CC2(C)CCC3(C)C(O)CCC3(C)C2CC12C(=O)CC(C)C2=O,0.8684210526315791,0.2558139534883721,1747,1
CCCCCCCC1(CC)c2ccc(O)cc2CCC1O,0.8857142857142857,0.3181818181818182,1748,1
CCCCCCCC1=C2C=CC(C)(C)CC2(C)C(O)(CC)C1=O,0.8717948717948718,0.2352941176470588,1749,1
CCCCCCCCC(C)OC(=O)CC1CC(O)C2=C(C(=O)O)C1C(C)(C)C(=O)C(C)(C)C2C,0.8666666666666667,0.2876712328767123,1750,1
CCCCN1C(=O)NN=C1CN1C(=O)c2cccnc2C1=O,0.8656716417910447,0.2753623188405797,1752,1
CCCN1C(=O)C(C(=O)N2CCN(c3ccccc3-c3ccc(O)c(C(F)F)c3)CC2)=C(C)c2ccccc21,0.890625,0.2972972972972973,1753,1
CCOC(=O)C(Cc1ccccc1)NC(=O)C1CCCN1C(=O)C(CO)NC(C)=O,0.925925925925926,0.7288135593220338,1755,1
CCOC(=O)C1=C(C)NC(C)=C(c2cc(N(=O)=O)ccc2N(=O)=O)C1c1ccccc1,0.9433962264150944,0.5967741935483871,1756,1
CCOC(=O)C1=C(C)NC(C)=C(c2ccccc2N(=O)=O)C1c1ccccc1Cl,0.8771929824561403,0.5967741935483871,1757,1
CCOC(=O)C1=C(C)c2ccc3ccccc3c2OC1=O,0.8857142857142857,0.5531914893617021,1758,1
CCOC(=O)C1=CC(=O)c2c(O)cc(O)c(O)c2O1,0.8918918918918919,0.392156862745098,1759,1
CCOC(=O)C1=Cc2c(O)cc(-c3cccc(C(=O)O)c3)c(C)c2OC1=O,0.9166666666666666,0.3968253968253968,1760,1
CCOC(=O)CN(C)S(=O)(=O)CCc1cccc(SCC(=O)O)c1,0.8813559322033898,0.3055555555555556,1761,1
CCOc1ccc(C=CC(=O)OCCc2ccccc2)cc1OCCC(O)CNCc1ccccc1,0.86,0.4558823529411765,1762,1
CCc1nc2c(cc1F)C(=O)C(C(=O)O)=CN2C1CCN(C(=O)C2CCCN2)CC1,0.875,0.3225806451612903,1763,1
CN(C)C(=O)c1c2c(cc3c1NC(=O)N(C(CCC(=O)O)C(=O)c1ccccc1)C3=O)CN(Cc1ccccc1)C2,0.8873239436619719,0.2804878048780488,1764,1
CN1C(=O)c2c(ncn2Cc2ccc(CC(=O)NCC3CCCO3)cn2)N(C)C1=O,0.875,0.2413793103448276,1765,1
CNC(=O)C(NC1C(=O)C(O)(C(=O)O)C(C(=O)O)=CN1CCCOC(C)C)c1ccc(OC)c(OC)c1,0.8607594936708861,0.23863636363636365,1766,1
COC(=O)c1ccccc1Nc1nc(C)nc2c1ncn2C1OC(CO)C(O)C1O,0.875,0.5,1767,1
COC(=O)c1ccccc1OCc1ccc2c(c1)OC(C(=O)O)C(C)O2,0.8648648648648649,0.2716049382716049,1768,1
COC1CCN(C(=O)C2CCCN(C(=O)Cc3ccc(O)cc3C)C2)CC1,0.8644067796610171,0.38333333333333336,1769,1
COC1OC(CO)C(O)C(c2cc(O)c(O)cc2C)OC1=CC(=O)c1cccc2ccccc12,0.8666666666666667,0.3176470588235294,1770,1
COCC1CCCN1CC(=O)NC(CCC(=O)O)Cc1ccccc1,0.8888888888888888,0.5238095238095238,1771,1
COc1cc(C)ccc1CN1CCN(C(=O)C(Cc2c[nH]cn2)NC(=O)CCN2C(=O)CCC2=O)CC1,0.8615384615384616,0.35443037974683544,1772,1
COc1cc(C=NN2C(NC(C)=O)=Cc3ccccc3S2(=O)=O)ccc1O,0.8607594936708861,0.25675675675675674,1773,1
COc1ccc(C(=O)NCCc2ccccc2)cc1NC(=O)Nc1cccc(S(=O)(=O)NCc2ccc(Cl)cc2)c1,0.8815789473684209,0.5138888888888888,1774,1
COc1ccc(C(C)NC(=O)C2CCCN2C(=O)CCN2CCOCC2)cc1,0.8852459016393442,0.4084507042253521,1775,1
COc1ccc(C2C(CN3CCCC3)CN2c2nc3cc(Cl)ccc3[nH]2)cc1,0.8688524590163934,0.3015873015873016,1776,1
COc1ccc(CN2CC(C(=O)OCC(=O)Nc3nnc(-c4cc(Cl)ccc4Cl)o3)CCC2=O)cc1,0.8734177215189873,0.31521739130434784,1777,1
COc1ccc(CNC(=O)C2CCCN(C(=O)CN3CCCC3=O)C2)cc1,0.8833333333333333,0.3461538461538461,1778,1
COc1ccc(CNC2CCCC2)cc1CNC(=O)c1cc(S(N)(=O)=O)ccc1Cl,0.8961038961038961,0.4383561643835616,1779,1
COc1ccc(NS(=O)(=O)c2cc(CNC(=O)CCCl)ccc2OC)cc1,0.8701298701298701,0.410958904109589,1780,1
COc1ccc(Nc2cc(N3CCN(CCF)CC3)c(C(F)(F)F)nc2Cn2c(C(F)(F)F)cnc2N)cc1,0.8688524590163934,0.2631578947368421,1781,1
COc1ccc2[nH]c(C)c(C(=O)CN3C(=O)c4ccccc4N(CC(=O)NCCCNC(=O)c4ccncc4)C3=O)c2c1,0.8630136986301371,0.24444444444444444,1782,1
COc1ccc2cc(OC)c(OCc3ccccn3)c(C)c2c1,0.8611111111111112,0.3225806451612903,1784,1
COc1cccc(CNC(=O)CCC(=O)Nc2ccc(S(=O)(=O)Nc3ccccc3Br)cc2)c1,0.8684210526315791,0.410958904109589,1785,1
COc1ccccc1CCNCC(O)COc1ccc2ccccc2c1,0.86,0.7659574468085106,1786,1
COc1ccccc1Nc1c(CC(=O)O)ccc2c1ncn2C1OC(CO)C(O)C1O,0.8611111111111112,0.5,1787,1
COc1ccnc(NCCc2ccccc2O)n1,0.8727272727272727,0.4716981132075472,1788,1
Cc1c(C#N)cccc1OCC(=O)N1CCCC1C(=O)N1CCN(CCC(C)O)CC1,0.873015873015873,0.313953488372093,1789,1
Cc1cc(O)cc2c1C(=O)c1c(O)cccc1O2,0.88,0.4146341463414634,1790,1
Cc1ccc(-c2ccccn2)c(Nc2nc(N)cc3ncnc(N)c23)n1,0.875,0.25,1791,1
Cc1ccc(C(=O)N2CCCC2C(=O)NC(CC(C)C)C(=O)NC(CCC(N)=O)C(=O)NC(C)c2ccccc2)cc1,0.8846153846153846,0.6086956521739131,1792,1
Cc1ccc(C=CC(=O)c2ccc(O)c(N(=O)=O)c2)c(N(=O)=O)c1,0.8695652173913043,0.3191489361702128,1793,1
Cc1ccc(CCNC(=O)COc2ccc(-c3cccnc3C(=O)O)cc2)cc1,0.8771929824561403,0.3606557377049181,1794,1
Cc1ccc2c(c1)C(=O)C(C(=O)O)=C(c1cccc(CO)c1)O2,0.8611111111111112,0.34545454545454546,1795,1
Cc1cccc(C2=CC(=O)C(C(=O)OCC(N)=O)=CN2)c1,0.9,0.3958333333333333,1796,1
Cn1ccnc1C(=O)N1CCN(c2ccc(S(=O)(=O)N3CCc4ccccc43)cc2)CC1,0.8684210526315791,0.2535211267605634,1797,1
N=C(N)NC(=O)c1cnc(Nc2ccccc2)s1,0.9210526315789472,0.34,1798,1
N=C(N)NN=Cc1cc(F)cc(F)c1Br,0.8620689655172413,0.39130434782608703,1799,1
N=C(N)Nc1nccs1,0.9032258064516128,0.41025641025641024,1800,1
Nc1nc(N)c2nc3ccccc3nc2n1,0.9032258064516128,0.5,1802,1
Nc1nccc(-c2ccc3ccnc(Nc4ccccc4)c3n2)n1,0.9032258064516128,0.4090909090909091,1803,1
O=C(C(OCc1ccc(Cl)c(Cl)c1)C1CCCC1CO)N1CCN(CCO)CC1,0.8666666666666667,0.3253012048192771,1804,1
O=C(C=Cc1ccc(O)cc1)OCC(=O)c1ccc2c(c1)OC(c1ccc(O)cc1)=CC2=O,0.8611111111111112,0.4545454545454545,1805,1
O=C(CCc1cc(Cl)ccc1Cn1ccnc1)NC1CCCCC1,0.8653846153846154,0.31343283582089554,1806,1
O=C(CN(Cc1ccccc1O)C1CCN(CCCN2CCCC2)CC1)Nc1cccc(Cl)c1,0.8888888888888888,0.3478260869565217,1807,1
O=C(Cc1c2ccccc2nc2cnccc12)NC1CCN(Cc2ccccc2Cl)CC1,0.903846153846154,0.3205128205128205,1808,1
O=C(NC1CCN(CCn2cnc3cc(F)c(F)cc32)CC1)c1ccccc1,0.9056603773584906,0.3466666666666667,1809,1
O=C(NCCc1ccc(Cl)cc1)NS(=O)(=O)c1ccc(Cl)cc1,0.918032786885246,0.6428571428571429,1810,1
O=C(NCCc1ccccc1)NS(=O)(=O)c1cc(CCc2ccc(Cl)cc2)ccc1O,0.88,0.6041666666666666,1811,1
O=C(O)CCCCC(=O)O,0.9473684210526316,0.5789473684210527,1813,1
O=C(O)c1cc(O)cc(O)c1O,0.8636363636363636,0.6,1814,1
O=C1C=C(CCc2ccccc2Cl)NC(NCCCc2ccccc2)=N1,0.8703703703703703,0.2833333333333333,1815,1
O=C1C=C(Cc2ccccc2)c2ccccc2O1,0.9473684210526316,0.5588235294117647,1816,1
O=C1C=C(c2ccc(O)cc2)Oc2ccccc21,0.875,0.7142857142857143,1817,1
O=C1C=C(c2ccccc2)Oc2cccc(O)c21,0.875,0.5945945945945946,1819,1
O=C1C=C(c2ccccc2)c2ccc(O)cc2O1,0.9166666666666666,0.6764705882352942,1820,1
O=C1C=Cc2cc(O)ccc2O1,0.9130434782608696,0.7407407407407407,1821,1
O=C1C=Cc2ccc(O)cc2O1,0.9565217391304348,0.7407407407407407,1822,1
O=C1NC(=O)C(Cl)=C(c2ccc(F)cc2)N1,0.902439024390244,0.3684210526315789,1825,1
O=C1NC=C(c2ccc(Cl)cc2)C(=O)N1,0.8780487804878049,0.3684210526315789,1826,1
O=C1Oc2cc(C(=O)O)ccc2C(O)=C1C(=O)c1ccccc1,0.9,0.4583333333333333,1827,1
O=C1c2c(Cl)cccc2N=C(C2=C(O)C=CN2Cc2ccccc2)N1CCc1cccc2ccccc12,0.8688524590163934,0.26744186046511625,1829,1
O=C1c2ccccc2N=CN1CC(=O)N1CCC(Nc2ccc(Cl)cc2)C1,0.875,0.39130434782608703,1830,1
CC1N=C(NCCSCc2ccc(CN(C)C)o2)NCC1Cc1ccccc1,0.8852459016393442,0.527027027027027,1831,1
CC(=O)NC1C(=O)N2C(C(=O)O)=C(COC(C)=O)CSC12,0.9152542372881356,0.7272727272727273,1834,1
CCC1OC(OC2C(O)C(N)CC(N)C2OC2OC(CN)C(O)C(O)C2N)C(O)C1OC1OC(CN)C(O)C(O)C1N,0.9387755102040816,0.56,1837,1
Cc1ccc(CC2CCCNC(NCCSCc3ccc(CN(C)C)o3)=N2)cn1,0.8833333333333333,0.625,1840,1
CN(C)Cc1ccc(CSCCNC2=NC=C=CN2)o1,0.8983050847457628,0.5076923076923077,1841,1
CCC(=O)OC1CC(=O)O[CH]CC=CC=CC(O)C(C)CC(CC=O)C(OC2OC(C)C(OC3CC(C)(O)C(OC(O)CC)C(C)O3)C(NC)C2O)C1OC,0.8653846153846154,0.7647058823529411,1843,1
CC(=O)OC1C(C)OC(OC2C(C)OC(OC3C(CC=O)CC(C)C(O)C=CC=CCC(C)OC(=O)CC(C)C3OOC=O)C(O)C2N(C)C)CC1(C)O,0.9607843137254902,0.7857142857142857,1845,1
CNCc1ccc(CSCCNC2=NC=C(Cc3ccc(C)nc3)CN2)o1,0.9152542372881356,0.8095238095238095,1853,1
Cc1ccc(CC2=CCNC(NCCSCc3ccc(CN(C)C)o3)=NC2)cn1,0.9333333333333332,0.7313432835820896,1854,1
CCC(=O)OC1CC(=O)OC(C)CC=CC=CC(O)C(C)CC(CC=O)C(OC2OC(OC3CC(C)(O)C(OC(=O)CC)C(C)O3)CC(N(C)C)[CH]C2O)C1OC,0.8909090909090909,0.8041237113402062,1855,1
C=CN=C(C(=O)NC1C(=O)N2C(C(=O)O)=C(CO)CSC12)c1csc(N)n1,0.8840579710144928,0.7123287671232876,1858,1
CCN=C(C(=O)NC1C(=O)N2C(C(=O)O)=C(CSC)CSC12)c1csc(N)n1,0.8701298701298701,0.8142857142857143,1859,1
CON=C(C(=O)NC1C(=O)N2C(C(=O)O)=C(CSC=O)CSC12)c1csc(N)n1,0.9589041095890408,0.8450704225352113,1863,1
NCOCC1=C(C(=O)O)N2C(=O)C(NC(=O)C(=NC=O)c3csc(N)n3)C2SC1,0.8611111111111112,0.7123287671232876,1865,1
CCCC[C@H]1CCC[C@H](O)C([C@H](C1)C(=O)O)C(=O)C,0.8823529411764706,0.3,2026,1
OC(=O)c1ccc(cc1)c2ccc(cc2)Cc3ccccc3,0.9230769230769232,0.68,2045,1
OC(=O)Nc1ccccc1OCCC(=O)NC(=O)C(=O)NCCC(C)C,0.8644067796610171,0.3548387096774194,2056,1
CNC(=O)C(=O)NC1=C(O)C1(CC1(CCC(=O)CN1CCCC(C2(C)C)CCC(=O)C(=O)O)C(=C2C1=O)C(=O)NC1=O)NC(=O)COc1ccccc1,0.8888888888888888,0.2842105263157895,2073,1
OC(=O)c1ccc(cc1)c2cccc(c2)c3ccc(cc3)C,0.9230769230769232,0.8214285714285714,2074,1
CCCCC[C@H](O)C1CC[C@H]2C(=C(C(=O)O)C(=C12)O)CC,0.8604651162790697,0.2876712328767123,2078,1
OC(=O)c1ccccc1Nc2ccc(cc2)C,0.9583333333333334,0.7586206896551724,2080,1
OC[C@H](C(=O)O)C[C@H](CO)O,0.875,0.4583333333333333,2127,1
CC(Cc1ccccc1O)N,0.875,0.4642857142857143,2183,1
OC(=O)c1ccccc1NC(C)C,0.88,0.7096774193548387,2185,1
OC(=O)c1cc(ccc1O)c2ccccc2,0.8636363636363636,0.7142857142857143,2297,1
O[C@H](C(=O)O)c1ccccc1O,0.8636363636363636,0.4074074074074074,2298,1
C[C@@H]1CC[C@@H]([C@@H]1C(=O)O)C1=C(O)C2C[C@@H](O)CC[C@H]2C(=O)C1(C)c3ccccc3,0.8636363636363636,0.2575757575757576,2316,1
CCC(c1cccc(c1)O)N,0.9090909090909092,0.3611111111111111,2347,1
OC(=O)C[C@@H]([C@@H]1C[C@@H](C1)CCC(=O)O)C(=O)O,0.9047619047619048,0.26666666666666666,2383,1
OC(=O)c1c(OCCC(=O)N)/N=C(/C)/c2ccccc12,0.8867924528301887,0.3148148148148148,2439,1
Cc1cccc(c1)c1cccc(c1)C(=O)O,0.9230769230769232,0.7857142857142857,2482,1
OC[C@H](CC(=O)O)O,0.8695652173913043,0.4705882352941176,2560,1
CCNCC(=O)c1cccc(c1)O,0.8666666666666667,0.5588235294117647,2686,1
O=C(c1ccccc1n1CC(=O)N2CCC(C2)O)c(c1)C,0.8644067796610171,0.4074074074074074,2857,1
NCC(=O)c1cccc(c1)O,0.88,0.5714285714285714,2872,1
NCCCc1ccccc1O,0.8666666666666667,0.7391304347826086,2913,1
